,Unnamed: 0,month,InVolReg,OutVolReg,InVolFin,OutVolFin,TVolFin,TVolReg,WalletReg,WalletFin,WalletReg2,Date,Time,Price,Coal_price_EU,Ngas_price_EU,Oil_price_EU,HDD,CDD,ESI,IPI
0,36,2008-01-01,21968177.0,11694049.0,108607.0,0.0,108607.0,33662226.0,1840200710.0,8206838.0,1840200710.0,2008-01-01,01/2008,19.1,62.33863296643565,7.270009512161978,62.45444662688545,473.03,0.0,105.2,213.7
1,37,2008-02-01,61774984.0,31723273.0,111222.0,73102.0,184324.0,93498257.0,1870252421.0,8244958.0,1870252421.0,2008-02-01,02/2008,21.31,89.50366151342554,7.350149172769188,64.29120332700705,407.42,0.0,103.5,217.5
2,38,2008-03-01,106782824.0,245562733.0,29737.0,1096616.0,1126353.0,352345557.0,1731472512.0,7178079.0,1731472512.0,2008-03-01,03/2008,22.27,76.15766084884395,7.110195143942809,66.51478070457912,404.79,0.0,102.7,218.7
3,39,2008-04-01,510093802.0,1915344290.0,2214126.0,7939846.0,10153972.0,2425438092.0,326222024.0,1452359.0,326222024.0,2008-04-01,04/2008,23.88,78.09027998222335,7.739191162465875,69.95602010839312,269.77,0.11,100.4,231.0
4,40,2008-05-01,84809842.0,65631757.0,779179.0,1323444.0,2102623.0,150441599.0,345400109.0,908094.0,345400109.0,2008-05-01,05/2008,26.1,85.62062094234106,7.957832486983351,79.6658677612586,137.5,0.69,99.2,205.5
5,41,2008-06-01,5281712.0,8334134.0,0.0,0.0,0.0,13615846.0,342347687.0,908094.0,342347687.0,2008-06-01,06/2008,28.77,102.71330289976213,8.120619816112647,85.54527835695365,56.59,13.09,95.0,204.0
6,42,2008-07-01,123949144.0,3647916.0,65252.0,0.0,65252.0,127597060.0,462648915.0,973346.0,462648915.0,2008-07-01,07/2008,22.06,114.140773620799,9.112238427393786,84.89095971988586,24.31,23.78,91.9,208.4
7,43,2008-08-01,4426732.0,4716476.0,0.0,0.0,0.0,9143208.0,462359171.0,973346.0,462359171.0,2008-08-01,08/2008,25.19,105.7762938230384,9.776293823038396,76.02607520470784,39.65,28.71,89.4,203.3
8,44,2008-09-01,11074435.0,22767979.0,0.0,0.0,0.0,33842414.0,450665627.0,973346.0,450665627.0,2008-09-01,09/2008,22.35,104.39139814879252,10.33474841673046,68.94292637559329,139.46,7.07,88.9,208.8
9,45,2008-10-01,677178612.0,413715083.0,1027144.0,1382517.0,2409661.0,1090893695.0,714129156.0,617973.0,714129156.0,2008-10-01,10/2008,17.94,81.06890857228645,11.95766401441225,54.67843318994896,222.34,0.04,82.8,203.1
10,46,2008-11-01,566466733.0,208152548.0,1377229.0,269000.0,1646229.0,774619281.0,1072443341.0,1726202.0,1072443341.0,2008-11-01,11/2008,15.52,72.45523091423185,12.417530631479735,41.81668237511781,374.65,0.01,77.60000000000001,191.3
11,47,2008-12-01,546636771.0,241183848.0,3177592.0,682097.0,3859689.0,787820619.0,1377896264.0,4221697.0,1377896264.0,2008-12-01,12/2008,15.45,58.48018440032717,11.525020447616924,30.9174727421444,486.88,0.0,71.3,189.1
12,48,2009-01-01,53504062.0,32101270.0,2849882.0,105386.0,2955268.0,85605332.0,1399299056.0,6966193.0,1399299056.0,2009-01-01,01/2009,11.57,59.97431830198656,10.491728982551551,33.88473449656318,562.94,0.0,71.2,192.3
13,49,2009-02-01,1177190559.0,70631028.0,2412988.0,250000.0,2662988.0,1247821587.0,2505858587.0,9129181.0,2505858587.0,2009-02-01,02/2009,9.96,58.95971842002346,8.635119280406727,33.822839264763395,483.25,0.0,68.8,191.5
14,50,2009-03-01,398376585.0,280362977.0,4343165.0,822799.0,5165964.0,678739562.0,2623872195.0,12649547.0,2623872195.0,2009-03-01,03/2009,11.45,46.74329501915709,8.35249042145594,35.89202368512644,411.54,0.0,67.8,186.0
15,51,2009-04-01,740332146.0,1788796918.0,1603692.0,6972909.0,8576601.0,2529129064.0,1575407423.0,7280330.0,1575407423.0,2009-04-01,04/2009,13.92,48.18802122820319,6.451857467778621,38.54832304415466,238.27,0.0,69.9,165.9
16,52,2009-05-01,29586924.0,40280867.0,0.0,47000.0,47000.0,69867791.0,1564713480.0,7233330.0,1564713480.0,2009-05-01,05/2009,14.65,47.252747252747255,5.926739926739927,42.447584161868136,123.67,1.77,74.10000000000001,177.3
17,53,2009-06-01,27337493.0,49109940.0,0.0,0.0,0.0,76447433.0,1542941033.0,7233330.0,1542941033.0,2009-06-01,06/2009,13.15,50.92751141552511,5.672089041095891,48.95606320049943,69.47,11.48,76.60000000000001,183.3
18,54,2009-07-01,33281155.0,47237517.0,0.0,79778.0,79778.0,80518672.0,1528984671.0,7153552.0,1528984671.0,2009-07-01,07/2009,13.66,52.38500851788756,4.734525837592277,46.07467348097671,22.36,29.8,79.5,183.0
19,55,2009-08-01,15301443.0,9219604.0,73803.0,0.0,73803.0,24521047.0,1535066510.0,7227355.0,1535066510.0,2009-08-01,08/2009,14.89,50.8130081300813,4.850014017381553,50.816345601878325,24.5,33.17,83.8,176.6
20,56,2009-09-01,14811631.0,27266592.0,0.0,59135.0,59135.0,42078223.0,1522611549.0,7168220.0,1522611549.0,2009-09-01,09/2009,13.36,46.44966350775992,4.896305452547727,46.48181443608021,75.68,6.21,86.3,170.0
21,57,2009-10-01,22553063.0,29408642.0,0.0,100000.0,100000.0,51961705.0,1515755970.0,7068220.0,1515755970.0,2009-10-01,10/2009,14.54,47.96841252699784,5.129589632829373,49.40205919889984,255.87,0.37,88.5,177.0
22,58,2009-11-01,67952415.0,72425045.0,575958.0,873733.0,1449691.0,140377460.0,1511283340.0,6770445.0,1511283340.0,2009-11-01,11/2009,13.14,52.83626123105806,5.236690358052836,51.65392695901166,320.73,0.01,90.1,183.3
23,59,2009-12-01,184584493.0,198516658.0,527738.0,375597.0,903335.0,383101151.0,1497351175.0,6922586.0,1497351175.0,2009-12-01,12/2009,12.31,56.863281784590114,5.48104557273847,51.09452952959491,524.97,0.0,92.3,179.3
24,60,2010-01-01,60021594.0,41981117.0,92500.0,119000.0,211500.0,102002711.0,1515391652.0,6896086.0,1515391652.0,2010-01-01,01/2010,12.71,67.9652466367713,6.165919282511212,53.51247197309417,637.25,0.0,93.3,185.1
25,61,2010-02-01,1330934905.0,86227008.0,2585985.0,45206.0,2631191.0,1417161913.0,2760099549.0,9436865.0,2760099549.0,2010-02-01,02/2010,12.86,68.82215402601197,6.4299283939792495,54.297822592430215,511.0,0.0,93.4,183.3
26,62,2010-03-01,278422431.0,171937739.0,4944230.0,521665.0,5465895.0,450360170.0,2866584241.0,13859430.0,2866584241.0,2010-03-01,03/2010,12.71,69.55191981723046,6.58117768442774,58.42345243474095,432.53,0.01,95.4,180.8
27,63,2010-04-01,644602695.0,1796928123.0,201287.0,6981042.0,7182329.0,2441530818.0,1714258813.0,7079675.0,1714258813.0,2010-04-01,04/2010,15.84,74.70535581083098,5.609428614053408,63.38846145648964,258.45,0.02,98.5,189.7
28,64,2010-05-01,32701969.0,38562878.0,25555.0,279622.0,305177.0,71264847.0,1708397904.0,6825608.0,1708397904.0,2010-05-01,05/2010,15.02,79.68961400716276,5.78591325109431,60.68519887063271,159.63,0.64,97.4,196.2
29,65,2010-06-01,45486715.0,70687634.0,0.0,50515.0,50515.0,116174349.0,1683196985.0,6775093.0,1683196985.0,2010-06-01,06/2010,15.19,80.42222950282577,6.339585551642231,61.29755247618969,65.67,9.63,97.3,184.3
30,66,2010-07-01,42124743.0,33523452.0,0.0,55000.0,55000.0,75648195.0,1691798276.0,6720093.0,1691798276.0,2010-07-01,07/2010,14.08,75.1605324980423,6.29600626468285,58.52424005125294,12.24,46.64,99.4,188.5
31,67,2010-08-01,11650480.0,22308482.0,0.0,0.0,0.0,33958962.0,1681140274.0,6720093.0,1681140274.0,2010-08-01,08/2010,15.22,69.62928493873119,6.553435706530168,59.47974392599658,37.45,35.31,100.6,188.3
32,68,2010-09-01,20172814.0,43628445.0,0.0,23000.0,23000.0,63801259.0,1657684643.0,6697093.0,1657684643.0,2010-09-01,09/2010,15.41,72.62569832402235,6.336573046605953,59.52920959808678,115.03,4.3,101.7,179.6
33,69,2010-10-01,17436767.0,15989674.0,6954.0,6062.0,13016.0,33426441.0,1659131736.0,6697985.0,1659131736.0,2010-10-01,10/2010,14.63,70.11800259030076,5.964887034105627,59.66189037134839,271.06,0.18,101.8,184.6
34,70,2010-11-01,54379232.0,85705611.0,0.0,6456.0,6456.0,140084843.0,1627805357.0,6691529.0,1627805357.0,2010-11-01,11/2010,14.76,78.44228094575799,6.287973062001317,62.711368128248296,384.55,0.0,102.8,184.1
35,71,2010-12-01,269883158.0,247558715.0,822716.0,731603.0,1554319.0,517441873.0,1650129800.0,6782642.0,1650129800.0,2010-12-01,12/2010,14.02,89.47806354009077,6.611195158850227,69.43761099782904,612.55,0.0,103.2,180.3
36,72,2011-01-01,30003178.0,33729043.0,223.0,56388.0,56611.0,63732221.0,1646403935.0,6726477.0,1646403935.0,2011-01-01,01/2011,14.76,99.16167664670655,7.193113772455089,72.0765611633907,541.77,0.0,103.1,177.5
37,73,2011-02-01,1450913343.0,78376314.0,2638032.0,0.0,2638032.0,1529289657.0,3018940964.0,9364509.0,3018940964.0,2011-02-01,02/2011,15.3,94.04351967177084,6.857645248736171,76.16345519818302,502.6,0.0,103.6,179.5
38,74,2011-03-01,499575606.0,315289814.0,3661339.0,622711.0,4284050.0,814865420.0,3203226756.0,12403137.0,3203226756.0,2011-03-01,03/2011,16.88,90.09929280662904,6.693335238231302,81.74962807902708,408.58,0.0,102.9,180.7
39,75,2011-04-01,475388729.0,1844502566.0,1708605.0,6942484.0,8651089.0,2319891295.0,1834112919.0,7169258.0,1834112919.0,2011-04-01,04/2011,16.7,84.82204680792134,7.173521672898491,85.21672898490513,205.41,0.03,102.1,177.1
40,76,2011-05-01,35094014.0,36122609.0,66610.0,66609.0,133219.0,71216623.0,1833084324.0,7169259.0,1833084324.0,2011-05-01,05/2011,16.69,83.0162380653704,7.178200571468395,79.76735787732942,128.65,0.57,101.8,177.2
41,77,2011-06-01,44776020.0,57981273.0,5.0,5.0,10.0,102757293.0,1819879071.0,7169259.0,1819879071.0,2011-06-01,06/2011,13.36,83.46538782318599,7.130942452043369,79.06430864104114,44.0,10.31,101.2,174.5
42,78,2011-07-01,35236399.0,51601555.0,11783.0,7924.0,19707.0,86837954.0,1803513915.0,7173118.0,1803513915.0,2011-07-01,07/2011,12.11,84.65367358384745,7.704711160964667,81.64610207515423,24.09,23.59,99.5,183.8
43,79,2011-08-01,27370710.0,27026869.0,0.0,100000.0,100000.0,54397579.0,1803857756.0,7073118.0,1803857756.0,2011-08-01,08/2011,12.84,83.75514188105696,7.536777522136234,76.74914895616678,31.74,31.18,96.7,183.2
44,80,2011-09-01,33511680.0,52717465.0,26758.0,0.0,26758.0,86229145.0,1784651971.0,7099876.0,1784651971.0,2011-09-01,09/2011,10.66,89.38997821350763,7.879448075526507,80.52221562025417,68.98,10.51,94.3,177.7
45,81,2011-10-01,17779884.0,32577573.0,25359.0,0.0,25359.0,50357457.0,1769854282.0,7125235.0,1769854282.0,2011-10-01,10/2011,10.12,87.10783598424048,8.332117320881366,79.86908757374142,223.38,0.7,93.4,177.1
46,82,2011-11-01,73159738.0,77842013.0,64679.0,581765.0,646444.0,151001751.0,1765172007.0,6608149.0,1765172007.0,2011-11-01,11/2011,8.35,83.93331366184717,8.350545883741518,81.51673864642225,351.3,0.0,92.9,174.5
47,83,2011-12-01,334780920.0,315368164.0,300213192.0,3625321.0,303838513.0,650149084.0,1784584763.0,303196020.0,1784584763.0,2011-12-01,12/2011,6.97,84.64982168601563,8.74876697776766,81.87954140606267,437.65,0.0,91.0,170.8
48,84,2012-01-01,44230928.0,31682934.0,74965.0,95428.0,170393.0,75913862.0,1797132757.0,303175557.0,12547994.0,2012-01-01,01/2012,7.84,90.24409143742734,8.87253002712127,86.13420416597444,528.72,0.0,91.2,174.4
49,85,2012-02-01,1686995672.0,121132888.0,2711616.0,575522.0,3287138.0,1808128560.0,3362995541.0,305311651.0,1565862784.0,2012-02-01,02/2012,8.34,88.49062310949788,8.408953418027828,90.51904185751664,587.21,0.0,91.7,178.3
50,86,2012-03-01,328477963.0,308772358.0,5069078.0,146872.0,5215950.0,637250321.0,3382701146.0,310233857.0,19705605.0,2012-03-01,03/2012,6.98,81.4029240209075,9.067494886751003,94.63573696207862,355.9,0.0,92.5,174.1
51,87,2012-04-01,614731752.0,1912358464.0,86481.0,6373259.0,6459740.0,2527090216.0,2085074434.0,303947079.0,-1297626712.0,2012-04-01,04/2012,7.48,78.70384440054703,8.676492934204528,91.5237046041635,286.18,0.0,92.0,176.9
52,88,2012-05-01,57698539.0,95889309.0,10138.0,20058.0,30196.0,153587848.0,2046883664.0,303937159.0,-38190770.0,2012-05-01,05/2012,6.27,74.93158182813356,9.101571663148018,86.41937534634452,134.05,1.93,90.2,180.1
53,89,2012-06-01,20059450.0,10298436.0,0.0,2000.0,2000.0,30357886.0,2056644678.0,303935159.0,9761014.0,2012-06-01,06/2012,8.2,69.60721698866358,9.172920325722496,76.31250807843686,67.23,18.99,89.8,169.5
54,90,2012-07-01,26089864.0,30949309.0,10000.0,131674.0,141674.0,57039173.0,2051785233.0,303813485.0,-4859445.0,2012-07-01,07/2012,6.88,71.80989583333333,9.057617187500002,83.9362866950765,25.92,41.82,88.3,164.8
55,91,2012-08-01,60022380.0,20720158.0,1943836.0,260001.0,2203837.0,80742538.0,2091087455.0,305497320.0,39302222.0,2012-08-01,08/2012,8.03,73.38709677419355,9.016129032258064,91.40322580645162,32.69,44.96,87.4,167.1
56,92,2012-09-01,34165627.0,53999712.0,32438700.0,1692700.0,34131400.0,88165339.0,2071253370.0,336243320.0,-19834085.0,2012-09-01,09/2012,7.93,69.19726197884256,8.618543870566272,88.19422837585562,98.6,6.59,86.3,165.4
57,93,2012-10-01,65591518.0,56948188.0,2001315.0,2448220.0,4449535.0,122539706.0,2079896700.0,335796415.0,8643330.0,2012-10-01,10/2012,8.23,63.08771388931709,8.92554339448127,86.30605692991367,232.69,0.49,85.2,167.5
58,94,2012-11-01,217032243.0,196795333.0,122461620.0,10674733.0,133136353.0,413827576.0,2100133610.0,447583302.0,20236910.0,2012-11-01,11/2012,6.2,66.95509822263799,9.222014343623323,85.5252714233084,342.04,0.03,86.0,164.4
59,95,2012-12-01,675414215.0,565785766.0,105786401.0,99308777.0,205095178.0,1241199981.0,2209762059.0,454060926.0,109628449.0,2012-12-01,12/2012,6.45,70.79807912188429,8.986965469929109,83.60126534034606,546.63,0.0,86.5,159.1
60,96,2013-01-01,132501134.0,103522186.0,20567943.0,9705376.0,30273319.0,236023320.0,2238741007.0,464923493.0,28978948.0,2013-01-01,01/2013,3.31,69.81487055990367,8.932871763997591,85.01929286848284,549.66,0.0,87.9,163.2
61,97,2013-02-01,149445295.0,72011539.0,38707054.0,25920298.0,64627352.0,221456834.0,2316174763.0,477710249.0,77433756.0,2013-02-01,02/2013,4.8,71.06819372707537,8.810539711056215,87.22172318287296,472.51,0.0,88.8,167.9
62,98,2013-03-01,435164137.0,463216775.0,53623922.0,72148744.0,125772666.0,898380912.0,2288122125.0,459185427.0,-28052638.0,2013-03-01,03/2013,4.74,70.17895711200246,9.15612465288491,84.26411601357606,496.2,0.0,88.8,168.1
63,99,2013-04-01,1079784518.0,2360681062.0,52846108.0,34999763.0,87845871.0,3440465580.0,1007225581.0,477031772.0,-1280896544.0,2013-04-01,04/2013,3.07,67.37294641486258,9.887916474742823,78.97701101294335,280.07,0.06,88.0,169.9
64,100,2013-05-01,47409718.0,78367062.0,73611391.0,66277248.0,139888639.0,125776780.0,976268237.0,484365915.0,-30957344.0,2013-05-01,05/2013,3.91,67.56277923278385,9.466954244338314,79.36139001828685,143.0,0.44,88.60000000000001,173.4
65,101,2013-06-01,96669142.0,73774993.0,166468463.0,97834258.0,264302721.0,170444135.0,999162386.0,553000120.0,22894149.0,2013-06-01,06/2013,4.18,62.744953720532266,9.037834559102285,78.17878535142923,53.52,12.45,90.0,166.1
66,102,2013-07-01,71120805.0,898591072.0,131799790.0,177888657.0,309688447.0,969711877.0,171692119.0,506911253.0,-827470267.0,2013-07-01,07/2013,4.31,59.06667494558869,8.868501529051986,82.35174843770642,18.16,31.92,90.8,164.9
67,103,2013-08-01,61185902.0,21104197.0,28975672.0,27120717.0,56096389.0,82290099.0,211773824.0,508766208.0,40081705.0,2013-08-01,08/2013,4.55,57.821187077385424,8.745304282494367,83.36930537531931,25.46,34.92,93.0,168.9
68,104,2013-09-01,51218522.0,38930607.0,43684428.0,43834395.0,87518823.0,90149129.0,224061739.0,508616241.0,12287915.0,2013-09-01,09/2013,5.02,58.1454150434522,8.428228948157027,83.62408493514384,101.93,4.96,95.7,169.4
69,105,2013-10-01,28500406.0,29123636.0,78611866.0,42313075.0,120924941.0,57624042.0,223438509.0,544915032.0,-623230.0,2013-10-01,10/2013,4.8,58.24165749908324,8.33883388338834,80.29240605219655,199.35,0.33,95.7,158.7
70,106,2013-11-01,87475243.0,40067606.0,30503274.0,23824571.0,54327845.0,127542849.0,270846146.0,551593735.0,47407637.0,2013-11-01,11/2013,4.36,60.95753353590751,8.463647817386793,80.09796967034019,359.73,0.01,96.9,162.6
71,107,2013-12-01,771936671.0,422540528.0,185091419.0,406514761.0,591606180.0,1194477199.0,620242289.0,330170393.0,349396143.0,2013-12-01,12/2013,4.83,61.54225043782837,8.428196147110333,80.76036193812025,460.5,0.0,97.7,154.8
72,108,2014-01-01,226447758.0,30505938.0,16428936.0,28953043.0,45381979.0,256953696.0,816184109.0,317646286.0,195941820.0,2014-01-01,01/2014,5.5,59.96326230712711,8.515797207935341,78.92725936811169,511.29,0.0,98.7,150.0
73,109,2014-02-01,943926370.0,109611341.0,40424664.0,38392123.0,78816787.0,1053537711.0,1650499138.0,319678827.0,834315029.0,2014-02-01,02/2014,7.06,55.85737296822376,8.27353931761605,79.6675940840533,382.78,0.0,99.0,141.8
74,110,2014-03-01,531238998.0,271129825.0,53645649.0,54070298.0,107715947.0,802368823.0,1910608311.0,319254178.0,260109173.0,2014-03-01,03/2014,4.64,53.0565000361716,7.87093973811763,77.69659263546264,342.12,0.0,100.0,143.8
75,111,2014-04-01,1399192926.0,2491561574.0,111710974.0,113134641.0,224845615.0,3890754500.0,818239663.0,317830511.0,-1092368648.0,2014-04-01,04/2014,5.4,52.72227048942948,7.768607008398495,78.04083405734144,227.88,0.02,99.6,156.1
76,112,2014-05-01,73268285.0,78383862.0,56661373.0,58327103.0,114988476.0,151652147.0,813124086.0,316164781.0,-5115577.0,2014-05-01,05/2014,5.05,53.66297698805709,7.427905621905039,79.87183221672008,153.05,0.28,99.4,159.5
77,113,2014-06-01,35436561.0,60270950.0,41292606.0,39449199.0,80741805.0,95707511.0,788289697.0,318008188.0,-24834389.0,2014-06-01,06/2014,5.81,52.5897586815774,7.188051795173632,82.3057680988817,63.52,8.14,99.1,156.6
78,114,2014-07-01,63492724.0,108123271.0,49683424.0,49240179.0,98923603.0,171615995.0,743659150.0,318451433.0,-44630547.0,2014-07-01,07/2014,6.19,50.77923037151931,6.846886771548858,79.01617549302016,11.44,20.74,99.0,153.8
79,115,2014-08-01,20269507.0,18202461.0,10698134.0,7234866.0,17933000.0,38471968.0,745726196.0,321914701.0,2067046.0,2014-08-01,08/2014,6.38,51.77230399519375,6.86392310003004,76.5395013517573,41.16,23.63,98.2,155.9
80,116,2014-09-01,26724318.0,30481609.0,26588234.0,29155713.0,55743947.0,57205927.0,741968905.0,319347222.0,-3757291.0,2014-09-01,09/2014,5.82,51.11231687466088,7.162235485621269,75.45151538640415,82.35,5.47,97.3,152.0
81,117,2014-10-01,75795401.0,41462143.0,22912658.0,12037301.0,34949959.0,117257544.0,776302163.0,330222579.0,34333258.0,2014-10-01,10/2014,6.34,50.27223230490018,7.709303243115284,68.86293695257633,193.38,0.67,98.0,150.1
82,118,2014-11-01,49982203.0,44194875.0,27786899.0,23477969.0,51264868.0,94177078.0,782089491.0,334531509.0,5787328.0,2014-11-01,11/2014,7.04,50.15234124438742,7.135984605516357,62.89288005131494,331.01,0.01,98.3,147.0
83,119,2014-12-01,536646153.0,442330034.0,171357583.0,280826414.0,452183997.0,978976187.0,876405610.0,225062678.0,94316119.0,2014-12-01,12/2014,7.25,50.636606925634574,7.971778444570594,50.54740085962209,475.55,0.0,98.5,153.1
84,120,2015-01-01,374038499.0,210655719.0,16650679.0,17859504.0,34510183.0,584694218.0,1039788390.0,223853853.0,163382780.0,2015-01-01,01/2015,7.08,52.8698046639704,7.959728078478617,41.36477067378023,507.25,0.0,99.5,156.5
85,121,2015-02-01,729688393.0,184089077.0,32769945.0,82261746.0,115031691.0,913777470.0,1585387706.0,174362052.0,545599316.0,2015-02-01,02/2015,7.1,60.83700440528634,7.286343612334801,51.03964757709251,443.35,0.0,101.3,153.0
86,122,2015-03-01,617264734.0,478818680.0,58867954.0,64752426.0,123620380.0,1096083414.0,1723833760.0,168477580.0,138446054.0,2015-03-01,03/2015,6.92,59.75272190441041,7.630559143753459,51.4762871378483,373.41,0.0,103.0,144.5
87,123,2015-04-01,1004212704.0,2220296942.0,34000482.0,52877188.0,86877670.0,3224509646.0,507749522.0,149600874.0,-1216084238.0,2015-04-01,04/2015,7.39,52.17552648668708,6.28485542884312,55.09787549865479,256.99,0.0,103.0,136.3
88,124,2015-05-01,18704372.0,31060274.0,11534791.0,6633464.0,18168255.0,49764646.0,495393620.0,154502201.0,-12355902.0,2015-05-01,05/2015,7.32,54.87892376681614,5.994616422493273,57.90134529147982,145.6,1.49,102.9,131.3
89,125,2015-06-01,34134515.0,71510300.0,10918564.0,9457216.0,20375780.0,105644815.0,458017835.0,155963549.0,-37375785.0,2015-06-01,06/2015,7.42,52.58182466779631,5.94553280080264,55.59618300187283,66.84,11.16,102.8,139.0
90,126,2015-07-01,37696307.0,18923710.0,24434063.0,14539600.0,38973663.0,56620017.0,476790432.0,165858012.0,18772597.0,2015-07-01,07/2015,7.85,54.47435431065843,6.087702014050564,50.80938523099309,31.4,55.64,102.9,138.8
91,127,2015-08-01,22811389.0,14960105.0,3815807.0,5574935.0,9390742.0,37771494.0,484641716.0,164098884.0,7851284.0,2015-08-01,08/2015,8.05,53.09273722955383,5.696864694568633,42.18511536044529,23.92,44.02,103.3,131.0
92,128,2015-09-01,32978244.0,32049260.0,30665943.0,20211556.0,50877499.0,65027504.0,485570700.0,174553271.0,928984.0,2015-09-01,09/2015,8.13,51.376882630781566,5.595489404099456,42.0996346136708,97.96,9.04,104.4,131.3
93,129,2015-10-01,88625853.0,43392167.0,16251347.0,15016102.0,31267449.0,132018020.0,530804386.0,175788516.0,45233686.0,2015-10-01,10/2015,8.63,48.29550511793502,5.3644484384512685,42.830440587449935,243.54,0.25,104.7,134.4
94,130,2015-11-01,45199197.0,33103153.0,9425467.0,10785230.0,20210697.0,78302350.0,542900430.0,174428753.0,12096044.0,2015-11-01,11/2015,8.58,48.87295081967213,5.123727506734352,41.37481371087928,310.24,0.01,105.1,139.1
95,131,2015-12-01,634671403.0,396129080.0,190469274.0,328377914.0,518847188.0,1030800483.0,781442753.0,36520113.0,238542323.0,2015-12-01,12/2015,8.22,48.00036774846006,4.68213936068769,34.678679783028414,400.73,0.0,105.2,130.3
96,132,2016-01-01,177698651.0,70805865.0,22602427.0,24494754.0,47097181.0,248504516.0,888335539.0,34627786.0,106892786.0,2016-01-01,01/2016,6.04,45.13812154696132,4.049895281224677,28.3609576427256,556.34,0.0,105.1,129.6
97,133,2016-02-01,622713829.0,42131462.0,19506741.0,17369351.0,36876092.0,664845291.0,1468917906.0,36765176.0,580582367.0,2016-02-01,02/2016,4.99,45.31686649238259,3.577371846461733,29.928783917786,401.62,0.0,104.3,137.3
98,134,2016-03-01,423921382.0,406227478.0,158227753.0,140664206.0,298891959.0,830148860.0,1486611810.0,54328723.0,17693904.0,2016-03-01,03/2016,5.2,47.03603603603603,3.5226849036936936,35.1981981981982,397.51,0.0,103.9,134.7
99,135,2016-04-01,998374687.0,2071525989.0,39530525.0,51698758.0,91229283.0,3069900676.0,413460508.0,42160490.0,-1073151302.0,2016-04-01,04/2016,6.17,44.70411852897081,3.5012568037657643,37.26078137401888,257.63,0.02,104.2,124.8
100,136,2016-05-01,47040345.0,25389414.0,11678142.0,6838567.0,18516709.0,72429759.0,435111439.0,47000065.0,21650931.0,2016-05-01,05/2016,6.08,45.36292105030501,3.827417438829458,41.6674034126072,129.05,0.22,104.0,128.0
101,137,2016-06-01,55968831.0,84975914.0,13724307.0,18534604.0,32258911.0,140944745.0,406104356.0,42189768.0,-29007083.0,2016-06-01,06/2016,4.46,47.06563362721525,4.2352128122628905,43.17392465936415,45.74,15.94,104.0,130.6
102,138,2016-07-01,48819851.0,13507281.0,12331109.0,14742578.0,27073687.0,62327132.0,441416926.0,39778299.0,35312570.0,2016-07-01,07/2016,4.41,55.32568434366248,4.223270115954468,40.71731863763664,16.7,36.13,103.9,122.1
103,139,2016-08-01,33740599.0,10286600.0,7528339.0,7865173.0,15393512.0,44027199.0,464870925.0,39441465.0,23453999.0,2016-08-01,08/2016,4.46,60.105244381020334,3.6099624778808415,41.15233678201927,34.8,30.01,103.4,125.3
104,140,2016-09-01,28763554.0,37367941.0,16026993.0,15844510.0,31871503.0,66131495.0,456266538.0,39623948.0,-8604387.0,2016-09-01,09/2016,4.96,64.85907955761684,3.79380500352301,41.1969318587228,70.56,10.9,104.4,123.4
105,141,2016-10-01,52244376.0,15984637.0,13389513.0,12743632.0,26133145.0,68229013.0,492526277.0,40269829.0,36259739.0,2016-10-01,10/2016,5.9,85.43442771630691,4.840213026890985,45.10248503537094,251.49,0.27,105.8,127.8
106,142,2016-11-01,37258106.0,29485412.0,12247602.0,12781803.0,25029405.0,66743518.0,500298971.0,39735628.0,7772694.0,2016-11-01,11/2016,4.58,95.7773867950736,5.271950644643023,43.00398185017131,390.67,0.0,106.4,131.8
107,143,2016-12-01,553207022.0,371891901.0,195562736.0,201901563.0,397464299.0,925098923.0,681614092.0,33396801.0,181315121.0,2016-12-01,12/2016,6.54,83.60997818457744,5.144172837332827,51.28521293749407,480.94,0.0,107.7,130.0
108,144,2017-01-01,123285731.0,90194941.0,18834152.0,12832552.0,31666704.0,213480672.0,714704882.0,39398401.0,33090790.0,2017-01-01,01/2017,5.69,78.88637648388921,5.788910170341059,51.71471641228567,583.31,0.0,108.4,126.6
109,145,2017-02-01,616673032.0,69499205.0,14104367.0,10523198.0,24627565.0,686172237.0,1261878709.0,42979570.0,547173827.0,2017-02-01,02/2017,5.57,75.14798459081086,5.685975424974162,52.13755520060133,421.08,0.0,108.4,132.9
110,146,2017-03-01,529688722.0,370941383.0,69302558.0,68025502.0,137328060.0,900630105.0,1420626048.0,44256626.0,158747339.0,2017-03-01,03/2017,5.04,75.71361722040244,4.680341672007487,48.63827795975666,344.22,0.01,108.9,130.4
111,147,2017-04-01,937151652.0,2048108034.0,21367221.0,56548239.0,77915460.0,2985259686.0,309669666.0,9075608.0,-1110956382.0,2017-04-01,04/2017,4.94,78.00988529329479,4.673052241257111,49.40781497715192,286.56,0.01,109.9,124.5
112,148,2017-05-01,35700108.0,28495023.0,29576682.0,18363567.0,47940249.0,64195131.0,316874751.0,20288723.0,7205085.0,2017-05-01,05/2017,5.35,67.29969253029482,4.5744582912552,46.00289383251945,139.71,1.5,109.6,115.6
113,149,2017-06-01,28357250.0,41501200.0,34722804.0,20798391.0,55521195.0,69858450.0,303730801.0,34213136.0,-13143950.0,2017-06-01,06/2017,5.42,72.21480096179535,4.351916275385164,41.75794816991718,48.6,24.81,110.8,120.9
114,150,2017-07-01,46476934.0,33665748.0,43678798.0,17704488.0,61383286.0,80142682.0,316541987.0,60187446.0,12811186.0,2017-07-01,07/2017,5.73,76.00555989922682,4.347077432247416,42.298670836591086,27.61,34.74,111.6,121.4
115,151,2017-08-01,77453391.0,59655294.0,19817486.0,16366982.0,36184468.0,137108685.0,334340084.0,63637950.0,17798097.0,2017-08-01,08/2017,6.54,83.4928432285932,4.638435827788599,43.50808842212246,34.4,43.55,111.5,126.2
116,152,2017-09-01,40001342.0,54608649.0,33773931.0,15067066.0,48840997.0,94609991.0,319732777.0,82344815.0,-14607307.0,2017-09-01,09/2017,7.59,82.09819555182543,5.003063341997483,46.29458665547629,109.25,5.71,112.7,125.4
117,153,2017-10-01,41499682.0,20266616.0,99555593.0,11927604.0,111483197.0,61766298.0,340965843.0,169972804.0,21233066.0,2017-10-01,10/2017,7.81,82.60462742429398,5.253760078717251,49.01326981966656,204.1,1.45,114.0,125.0
118,154,2017-11-01,72840064.0,39807322.0,61144961.0,12246046.0,73391007.0,112647386.0,373998585.0,218871719.0,33032742.0,2017-11-01,11/2017,7.97,82.33089112284887,5.703355801516443,53.30550349292895,370.5,0.01,114.3,122.9
119,155,2017-12-01,484244708.0,264231560.0,516848492.0,313616568.0,830465060.0,748476268.0,594011733.0,422103643.0,220013148.0,2017-12-01,12/2017,8.6,85.17235552551539,6.031542424915512,54.24974653599188,475.51,0.0,115.3,121.7
120,156,2018-01-01,167782157.0,142057993.0,57445190.0,39282218.0,96727408.0,309840150.0,619735897.0,440266615.0,25724164.0,2018-01-01,01/2018,9.85,87.25409836065575,5.460864764868853,56.54918032786885,479.71,0.0,114.9,125.5
121,157,2018-02-01,612947146.0,77916957.0,95852844.0,13674219.0,109527063.0,690864103.0,1154766086.0,522445240.0,535030189.0,2018-02-01,02/2018,10.73,85.80336896663428,5.441164371963072,52.9802397149336,523.7,0.0,114.4,122.4
122,158,2018-03-01,570072100.0,371650767.0,182397465.0,312991632.0,495389097.0,941722867.0,1353187419.0,391851073.0,198421333.0,2018-03-01,03/2018,14.04,78.35603112840467,5.429140434792477,53.86673151750973,471.6,0.0,112.7,126.4
123,159,2018-04-01,774359792.0,1984556285.0,88431085.0,104665062.0,193096147.0,2758916077.0,142990926.0,375617096.0,-1210196493.0,2018-04-01,04/2018,14.6,76.31964809384164,5.643416587178234,58.34962528510915,203.52,0.02,113.1,121.8
124,160,2018-05-01,62062426.0,51217244.0,44708682.0,24493783.0,69202465.0,113279670.0,153836108.0,395831995.0,10845182.0,2018-05-01,05/2018,16.16,89.13816457839485,6.338769096952252,64.89163562478835,84.64,0.67,111.5,125.3
125,161,2018-06-01,40169884.0,26052934.0,62080013.0,51232984.0,113312997.0,66222818.0,167953058.0,406679024.0,14116950.0,2018-06-01,06/2018,16.51,97.90203802020896,6.378611786299024,64.38602500428155,46.6,9.57,111.7,127.5
126,162,2018-07-01,38982125.0,24048090.0,63465406.0,68106261.0,131571667.0,63030215.0,182887093.0,402038169.0,14934035.0,2018-07-01,07/2018,19.34,102.31901420503164,6.502515172214616,63.7001540304638,8.18,31.21,111.1,125.7
127,163,2018-08-01,45424478.0,41247793.0,55235026.0,34269450.0,89504476.0,86672271.0,187063778.0,423003745.0,4176685.0,2018-08-01,08/2018,23.2,101.60187029180015,7.00052813095506,63.321499696943455,26.29,45.65,110.8,121.1
128,164,2018-09-01,33973279.0,14395552.0,29322526.0,23819448.0,53141974.0,48368831.0,206641505.0,428506823.0,19577727.0,2018-09-01,09/2018,24.63,97.9157732224033,8.166718441727422,67.63873402521658,79.66,10.45,110.6,121.6
129,165,2018-10-01,86778431.0,43085700.0,25501307.0,77537862.0,103039169.0,129864131.0,250334236.0,376470268.0,43692731.0,2018-10-01,10/2018,18.49,94.67955416231278,7.654964062817833,70.07140369209334,203.58,0.28,110.5,118.5
130,166,2018-11-01,59152386.0,37235955.0,56404895.0,19281013.0,75685908.0,96388341.0,272250667.0,413594150.0,21916431.0,2018-11-01,11/2018,22.7,88.61616961379431,7.271117280645729,57.33262954165567,344.6,0.0,110.4,114.2
131,167,2018-12-01,446793085.0,216855766.0,358250630.0,314242430.0,672493060.0,663648851.0,502187986.0,457602350.0,229937319.0,2018-12-01,12/2018,27.06,89.04602951510893,7.006537579137386,49.59592410400562,468.82,0.0,109.1,117.7
132,168,2019-01-01,123454270.0,75587017.0,102598155.0,90159461.0,192757616.0,199041287.0,550055239.0,470041044.0,47867253.0,2019-01-01,01/2019,23.9,86.33496846531185,6.361548032104065,51.91836019621584,561.65,0.0,107.6,123.2
133,169,2019-02-01,592049034.0,120440625.0,138550664.0,78912454.0,217463118.0,712489659.0,1021663648.0,529679254.0,471608409.0,2019-02-01,02/2019,23.13,84.0630781428949,5.290985042903709,56.49722491410448,399.84,0.0,107.3,113.7
134,170,2019-03-01,517919253.0,369472641.0,526577667.0,362995588.0,889573255.0,887391894.0,1170110260.0,693261333.0,148446612.0,2019-03-01,03/2019,22.82,82.39249690320297,4.582140925614936,58.75951159086887,362.26,0.0,106.6,115.7
135,171,2019-04-01,851536878.0,1940589501.0,291789408.0,328097381.0,619886789.0,2792126379.0,81057637.0,656953360.0,-1089052623.0,2019-04-01,04/2019,27.43,77.21124755294537,4.379943779747286,63.35646912261969,252.28,0.0,104.9,109.6
136,172,2019-05-01,28192079.0,18753048.0,173351504.0,133470425.0,306821929.0,46945127.0,90496668.0,696834439.0,9439031.0,2019-05-01,05/2019,25.45,73.59856951274027,3.881140182431829,63.05766651765757,172.42,0.86,105.2,112.1
137,173,2019-06-01,52801157.0,38219424.0,195188161.0,171875649.0,367063810.0,91020581.0,105078401.0,720146951.0,14581733.0,2019-06-01,06/2019,27.5,64.19020632250066,3.1771951760116885,56.05242185424599,35.51,25.75,103.2,110.7
138,174,2019-07-01,35073555.0,16448169.0,143601305.0,116483391.0,260084696.0,51521724.0,123703787.0,747264865.0,18625386.0,2019-07-01,07/2019,29.38,64.2538776965591,3.227287756828312,57.05116776609022,29.48,38.84,102.4,111.3
139,175,2019-08-01,31332661.0,16502167.0,97242197.0,76662098.0,173904295.0,47834828.0,138534281.0,767844964.0,14830494.0,2019-08-01,08/2019,27.37,58.91605248966385,3.3046693873898976,53.2536401222362,23.34,37.87,102.7,112.2
140,176,2019-09-01,26783215.0,22143279.0,93382867.0,72182463.0,165565330.0,48926494.0,143174217.0,789045368.0,4639936.0,2019-09-01,09/2019,25.76,59.93275172664486,3.82157005174482,56.64303889494729,92.61,6.66,102.1,108.7
141,177,2019-10-01,44887793.0,13709986.0,192990217.0,166818878.0,359809095.0,58597779.0,174352024.0,815216707.0,31177807.0,2019-10-01,10/2019,26.35,62.60743689496065,4.575425547697458,53.7139238215869,206.02,0.55,102.0,107.3
142,178,2019-11-01,44600620.0,19368293.0,134954451.0,125921781.0,260876232.0,63968913.0,199584351.0,824249377.0,25232327.0,2019-11-01,11/2019,25.94,60.61894851144692,4.660215561768166,56.77314270201792,350.37,0.01,103.0,107.2
143,179,2019-12-01,381389376.0,215343033.0,887777899.0,954513324.0,1842291223.0,596732409.0,365630694.0,757513952.0,166046343.0,2019-12-01,12/2019,25.18,59.55187618104923,4.15771817906056,59.254926662467376,423.51,0.0,103.6,106.4
144,180,2020-01-01,122602339.0,35915264.0,148635247.0,184907419.0,333542666.0,158517603.0,452317769.0,721241780.0,86687075.0,2020-01-01,01/2020,24.31,62.75675675675675,3.2733192317747744,57.29729729729729,456.86,0.0,105.3,108.0
145,181,2020-02-01,655295646.0,96646284.0,139527823.0,121059901.0,260587724.0,751941930.0,1010967131.0,739709702.0,558649362.0,2020-02-01,02/2020,24.02,62.02659330582301,2.666459093131591,50.4355800091701,374.8,0.0,105.7,108.6
146,182,2020-03-01,387080652.0,420539843.0,657239798.0,581678446.0,1238918244.0,807620495.0,977507940.0,815271054.0,-33459191.0,2020-03-01,03/2020,18.42,60.32721684895597,2.457623051387508,29.811081984995024,374.24,0.0,94.5,95.7
147,183,2020-04-01,822736182.0,1747986701.0,327691996.0,455048630.0,782740626.0,2570722883.0,52257421.0,687914420.0,-925250519.0,2020-04-01,04/2020,20.39,53.90351684772601,1.952051801988584,21.48775547781256,248.51,0.0,57.6,86.4
148,184,2020-05-01,45576905.0,41347170.0,274469689.0,216248703.0,490718392.0,86924075.0,56487156.0,746135406.0,4229735.0,2020-05-01,05/2020,22.18,48.14712896716199,1.4448403760044028,28.453494771601537,161.06,2.33,62.0,101.7
149,185,2020-06-01,33988841.0,61585285.0,341809915.0,272597541.0,614407456.0,95574126.0,28890712.0,815347780.0,-27596444.0,2020-06-01,06/2020,27.68,46.38827187916482,1.5567935248156377,35.4775655264327,36.04,8.36,73.8,99.3
150,186,2020-07-01,56794319.0,32537159.0,314889047.0,333216416.0,648105463.0,89331478.0,53147872.0,797020411.0,24257160.0,2020-07-01,07/2020,27.22,44.97949925848381,1.5711729010468465,37.34624443862863,30.96,35.25,82.7,95.9
151,187,2020-08-01,37149368.0,17343094.0,167077211.0,148077621.0,315154832.0,54492462.0,72954146.0,816020001.0,19806274.0,2020-08-01,08/2020,29.53,42.39093676022996,2.4195947554362527,37.41968211024687,26.18,41.94,89.4,96.6
152,188,2020-09-01,36866664.0,51889467.0,324566801.0,272519888.0,597086689.0,88756131.0,57931343.0,868066914.0,-15022803.0,2020-09-01,09/2020,27.5,46.30257801899593,3.3515429635939618,34.845658073270016,81.08,10.18,94.5,95.8
153,189,2020-10-01,59279608.0,25508043.0,263447745.0,236800590.0,500248335.0,84787651.0,91702908.0,894714069.0,33771565.0,2020-10-01,10/2020,24.19,49.59660297239915,4.152518393341826,34.36942675159236,211.16,0.58,95.3,105.1
154,190,2020-11-01,42876347.0,56062386.0,278278934.0,250958597.0,529237531.0,98938733.0,78516869.0,922034406.0,-13186039.0,2020-11-01,11/2020,29.6,54.40108126372699,4.0850135201554325,36.51799290420679,319.68,0.02,92.0,102.4
155,191,2020-12-01,414451515.0,155287297.0,1644917153.0,1855975990.0,3500893143.0,569738812.0,337681087.0,710975569.0,259164218.0,2020-12-01,12/2020,32.94,68.22514379622021,4.811919717370583,40.977814297452746,438.59,0.0,96.7,101.1
