year,nace_id,emissions_difference,auctions_difference
2005,1.13,0.0,377385.0
2005,1.19,0.0,148805.0
2005,1.21,0.0,87443.0
2005,5.1,0.0,15551.0
2005,6.1,0.0,15643321.0
2005,6.2,0.0,1832748.0
2005,7.1,0.0,14362591.0
2005,7.21,0.0,48527.0
2005,8.11,0.0,32200.0
2005,8.12,0.0,75082.0
2005,8.91,0.0,92268.0
2005,8.92,0.0,122829.0
2005,8.93,0.0,683157.0
2005,8.99,0.0,800232.0
2005,9.1,0.0,51557.0
2005,10.11,0.0,454442.0
2005,10.12,0.0,48182.0
2005,10.13,0.0,272386.0
2005,10.2,0.0,333868.0
2005,10.31,0.0,642933.0
2005,10.32,0.0,333627.0
2005,10.39,0.0,517253.0
2005,10.41,0.0,2105104.0
2005,10.42,0.0,20500.0
2005,10.51,0.0,3363798.0
2005,10.52,0.0,9757.0
2005,10.61,0.0,123511.0
2005,10.62,0.0,4700230.0
2005,10.71,0.0,21419.0
2005,10.72,0.0,21839.0
2005,10.81,0.0,9848854.0
2005,10.82,0.0,178784.0
2005,10.83,0.0,233187.0
2005,10.84,0.0,39141.0
2005,10.85,0.0,65894.0
2005,10.86,0.0,176393.0
2005,10.89,0.0,550588.0
2005,10.91,0.0,259423.0
2005,10.92,0.0,120860.0
2005,11.01,0.0,498548.0
2005,11.02,0.0,7791.0
2005,11.05,0.0,1146161.0
2005,11.06,0.0,196482.0
2005,11.07,0.0,48542.0
2005,12.0,0.0,115146.0
2005,13.1,0.0,208586.0
2005,13.2,0.0,271741.0
2005,13.3,0.0,763032.0
2005,13.91,0.0,49972.0
2005,13.92,0.0,14684.0
2005,13.93,0.0,126952.0
2005,13.96,0.0,5320.0
2005,13.99,0.0,109480.0
2005,14.13,0.0,150267.0
2005,14.14,0.0,5924.0
2005,14.19,0.0,17471.0
2005,15.11,0.0,5016.0
2005,16.1,0.0,12198.0
2005,16.21,0.0,2745802.0
2005,16.22,0.0,79529.0
2005,16.29,0.0,44757.0
2005,17.11,0.0,5196090.0
2005,17.12,0.0,31283662.0
2005,17.21,0.0,831514.0
2005,17.22,0.0,577348.0
2005,17.23,0.0,84721.0
2005,17.24,0.0,15994.0
2005,17.29,0.0,132422.0
2005,18.11,0.0,44502.0
2005,18.12,0.0,51409.0
2005,19.1,0.0,8757251.0
2005,19.2,0.0,149798179.0
2005,20.11,0.0,1405819.0
2005,20.12,0.0,318898.0
2005,20.13,0.0,5349575.0
2005,20.14,0.0,25683106.0
2005,20.15,0.0,5229464.0
2005,20.16,0.0,2311109.0
2005,20.17,0.0,507992.0
2005,20.2,0.0,242451.0
2005,20.3,0.0,696201.0
2005,20.41,0.0,90303.0
2005,20.42,0.0,126254.0
2005,20.51,0.0,89730.0
2005,20.52,0.0,145175.0
2005,20.59,0.0,1547564.0
2005,20.6,0.0,1006724.0
2005,21.1,0.0,1228269.0
2005,21.2,0.0,1162829.0
2005,22.11,0.0,1549233.0
2005,22.19,0.0,157800.0
2005,22.21,0.0,259272.0
2005,22.22,0.0,59843.0
2005,22.23,0.0,6971.0
2005,22.29,0.0,125225.0
2005,23.11,0.0,6972777.0
2005,23.12,0.0,25254.0
2005,23.13,0.0,11726418.0
2005,23.14,0.0,1497300.0
2005,23.19,0.0,1163249.0
2005,23.2,0.0,978013.0
2005,23.31,0.0,2590612.0
2005,23.32,0.0,12691515.0
2005,23.4,0.0,68891.0
2005,23.41,0.0,1869546.0
2005,23.42,0.0,122236.0
2005,23.44,0.0,12216.0
2005,23.49,0.0,19224.0
2005,23.51,0.0,154923557.0
2005,23.52,0.0,31439492.0
2005,23.61,0.0,106481.0
2005,23.62,0.0,50135.0
2005,23.64,0.0,49146.0
2005,23.65,0.0,47274.0
2005,23.91,0.0,14883.0
2005,23.99,0.0,1124239.0
2005,24.1,0.0,184189979.0
2005,24.2,0.0,189940.0
2005,24.34,0.0,18792.0
2005,24.42,0.0,2378284.0
2005,24.43,0.0,159027.0
2005,24.44,0.0,68028.0
2005,24.45,0.0,111032.0
2005,24.46,0.0,651754.0
2005,24.51,0.0,1584045.0
2005,24.53,0.0,67660.0
2005,25.11,0.0,68176.0
2005,25.3,0.0,12548.0
2005,25.4,0.0,185248.0
2005,25.5,0.0,9242.0
2005,25.61,0.0,0.0
2005,25.62,0.0,58015.0
2005,25.73,0.0,23107.0
2005,25.99,0.0,13447.0
2005,26.11,0.0,226766.0
2005,26.2,0.0,14070.0
2005,27.11,0.0,10362.0
2005,27.32,0.0,42311.0
2005,27.9,0.0,30612.0
2005,28.11,0.0,89505.0
2005,28.13,0.0,15962.0
2005,28.14,0.0,35420.0
2005,28.15,0.0,306971.0
2005,28.3,0.0,16997.0
2005,28.92,0.0,90695.0
2005,28.95,0.0,4768.0
2005,28.99,0.0,96577.0
2005,29.1,0.0,1998926.0
2005,29.2,0.0,47089.0
2005,29.32,0.0,226448.0
2005,30.11,0.0,258869.0
2005,30.2,0.0,143959.0
2005,30.3,0.0,1072380.0
2005,30.4,0.0,0.0
2005,30.91,0.0,26627.0
2005,31.03,0.0,26942.0
2005,31.09,0.0,22749.0
2005,32.2,0.0,4775.0
2005,32.3,0.0,13883.0
2005,33.16,0.0,14237.0
2005,33.2,0.0,47676.0
2005,35.0,0.0,30804345.0
2005,35.1,0.0,115950478.0
2005,35.11,0.0,1026135339.0
2005,35.13,0.0,4805.0
2005,35.14,0.0,275201.0
2005,35.2,0.0,237627.0
2005,35.21,0.0,629123.0
2005,35.22,0.0,3455574.0
2005,35.23,0.0,26629.0
2005,35.3,0.0,166299189.0
2005,36.0,0.0,5434.0
2005,37.0,0.0,97076.0
2005,38.21,0.0,307133.0
2005,38.32,0.0,291449.0
2005,42.11,0.0,7837.0
2005,43.99,0.0,0.0
2005,47.29,0.0,0.0
2005,49.1,0.0,18352.0
2005,49.5,0.0,4105295.0
2005,51.0,0.0,0.0
2005,51.1,0.0,183472.0
2005,52.1,0.0,181593.0
2005,52.23,0.0,256140.0
2005,52.24,0.0,51545.0
2005,60.2,0.0,0.0
2005,61.1,0.0,2480.0
2005,63.11,0.0,417.0
2005,64.11,0.0,0.0
2005,64.91,0.0,2950.0
2005,68.32,0.0,144084.0
2005,71.12,0.0,14890.0
2005,72.19,0.0,181391.0
2005,75.0,0.0,14857.0
2005,82.3,0.0,4276.0
2005,82.99,0.0,441218.0
2005,84.12,0.0,8508.0
2005,84.22,0.0,199202.0
2005,85.32,0.0,0.0
2005,85.42,0.0,281852.0
2005,86.1,0.0,1337691.0
2005,86.21,0.0,9860.0
2005,86.9,0.0,10714.0
2006,1.13,273787.0,375555.0
2006,1.19,95691.0,114709.0
2006,1.21,65722.0,87443.0
2006,1.63,0.0,1505.0
2006,5.1,16552.0,15551.0
2006,6.1,13964526.0,14931986.0
2006,6.2,1782048.0,1832747.0
2006,7.1,6536817.0,14211971.0
2006,7.21,0.0,48527.0
2006,8.11,1248.0,32200.0
2006,8.12,56741.0,75082.0
2006,8.91,38539.0,132968.0
2006,8.92,49079.0,124847.0
2006,8.93,588671.0,675306.0
2006,8.99,692563.0,820986.0
2006,9.1,19030.0,51557.0
2006,10.11,286475.0,440711.0
2006,10.12,29222.0,48565.0
2006,10.13,116655.0,270613.0
2006,10.2,206308.0,302695.0
2006,10.3,7154.0,7876.0
2006,10.31,464604.0,642933.0
2006,10.32,336792.0,324084.0
2006,10.39,309706.0,716732.0
2006,10.41,1411719.0,2207483.0
2006,10.42,18623.0,20500.0
2006,10.51,2194731.0,3406159.0
2006,10.52,271.0,9757.0
2006,10.61,21562.0,123511.0
2006,10.62,2184886.0,4752068.0
2006,10.71,8368.0,21159.0
2006,10.72,17699.0,29124.0
2006,10.73,7721.0,51458.0
2006,10.8,0.0,0.0
2006,10.81,5311520.0,9959447.0
2006,10.82,85243.0,178783.0
2006,10.83,137559.0,294173.0
2006,10.84,32172.0,39141.0
2006,10.85,44644.0,134402.0
2006,10.86,112327.0,176393.0
2006,10.89,284682.0,646127.0
2006,10.91,183493.0,270120.0
2006,10.92,61858.0,117414.0
2006,11.01,369228.0,513713.0
2006,11.02,4104.0,5844.0
2006,11.04,0.0,10167.0
2006,11.05,816995.0,1291156.0
2006,11.06,202905.0,176371.0
2006,11.07,36112.0,53193.0
2006,12.0,42678.0,130133.0
2006,13.1,116844.0,217828.0
2006,13.2,106931.0,268458.0
2006,13.3,396943.0,798088.0
2006,13.91,45394.0,49972.0
2006,13.92,10675.0,14188.0
2006,13.93,94589.0,124995.0
2006,13.95,68925.0,116776.0
2006,13.96,4757.0,5320.0
2006,13.99,59537.0,109481.0
2006,14.12,340.0,800.0
2006,14.13,14409.0,150265.0
2006,14.14,0.0,5924.0
2006,14.19,0.0,17471.0
2006,14.31,0.0,12486.0
2006,15.11,3902.0,4756.0
2006,16.1,17062.0,12197.0
2006,16.21,1793227.0,2930639.0
2006,16.22,10782.0,78452.0
2006,16.29,39934.0,42949.0
2006,17.11,3021116.0,5245235.0
2006,17.12,18480105.0,31521415.0
2006,17.21,550528.0,833218.0
2006,17.22,267729.0,560761.0
2006,17.23,58499.0,84721.0
2006,17.24,16827.0,15994.0
2006,17.29,11900.0,108014.0
2006,18.11,36857.0,44502.0
2006,18.12,31075.0,51409.0
2006,18.2,2653.0,2506.0
2006,19.1,5894057.0,8752022.0
2006,19.2,103052235.0,149120590.0
2006,20.11,1061068.0,1491208.0
2006,20.12,204008.0,384237.0
2006,20.13,2411365.0,5467105.0
2006,20.14,15595124.0,26228722.0
2006,20.15,3469647.0,5234654.0
2006,20.16,1626028.0,2302968.0
2006,20.17,299145.0,540490.0
2006,20.2,275453.0,214533.0
2006,20.3,302322.0,696201.0
2006,20.41,25139.0,168929.0
2006,20.42,121500.0,126254.0
2006,20.51,74425.0,89730.0
2006,20.52,150041.0,145175.0
2006,20.59,914804.0,1592531.0
2006,20.6,751019.0,1052162.0
2006,21.1,827477.0,1261851.0
2006,21.2,735414.0,1158203.0
2006,22.11,754845.0,1704030.0
2006,22.19,141677.0,157800.0
2006,22.21,154314.0,259271.0
2006,22.22,17932.0,59843.0
2006,22.23,4875.0,6609.0
2006,22.29,50305.0,125226.0
2006,23.11,4849544.0,6964739.0
2006,23.12,26835.0,25254.0
2006,23.13,7795084.0,11702453.0
2006,23.14,1094520.0,1510250.0
2006,23.19,805665.0,1163249.0
2006,23.2,677285.0,978012.0
2006,23.31,669895.0,3228825.0
2006,23.32,8466312.0,12658229.0
2006,23.4,41715.0,69043.0
2006,23.41,1251347.0,1883324.0
2006,23.42,60208.0,122235.0
2006,23.44,10830.0,12216.0
2006,23.49,14455.0,92114.0
2006,23.5,0.0,3600.0
2006,23.51,107721245.0,153998306.0
2006,23.52,18195902.0,31398926.0
2006,23.61,85765.0,107494.0
2006,23.62,43619.0,135889.0
2006,23.63,7253.0,20439.0
2006,23.64,15448.0,49146.0
2006,23.65,30564.0,47274.0
2006,23.91,14673.0,14884.0
2006,23.99,1072835.0,1080856.0
2006,24.1,105732041.0,183800514.0
2006,24.2,15416.0,189940.0
2006,24.31,26990.0,32474.0
2006,24.34,0.0,18792.0
2006,24.42,2054750.0,2376927.0
2006,24.43,122056.0,167137.0
2006,24.44,59097.0,76437.0
2006,24.45,109905.0,111032.0
2006,24.46,692637.0,651754.0
2006,24.51,461369.0,1584045.0
2006,24.52,0.0,172.0
2006,24.53,84957.0,66555.0
2006,25.11,69918.0,68176.0
2006,25.3,4820.0,12547.0
2006,25.4,111658.0,185248.0
2006,25.5,0.0,9242.0
2006,25.61,0.0,0.0
2006,25.62,48700.0,58015.0
2006,25.73,13638.0,22578.0
2006,25.92,0.0,8495.0
2006,25.93,0.0,14845.0
2006,25.99,8680.0,13448.0
2006,26.11,116041.0,226766.0
2006,26.2,12354.0,14070.0
2006,26.3,0.0,5877.0
2006,27.11,4974.0,10361.0
2006,27.32,20008.0,42311.0
2006,27.4,34346.0,52700.0
2006,27.51,29493.0,46867.0
2006,27.9,31784.0,30612.0
2006,28.11,27853.0,89504.0
2006,28.13,9047.0,15962.0
2006,28.14,25900.0,26565.0
2006,28.15,27600.0,306971.0
2006,28.25,0.0,13024.0
2006,28.29,0.0,12836.0
2006,28.3,17475.0,16997.0
2006,28.91,0.0,0.0
2006,28.92,47784.0,90695.0
2006,28.94,11592.0,14064.0
2006,28.95,6605.0,4768.0
2006,28.99,43975.0,93421.0
2006,29.1,899600.0,2204969.0
2006,29.2,39373.0,47089.0
2006,29.32,139209.0,225907.0
2006,30.11,48424.0,253964.0
2006,30.2,93143.0,143959.0
2006,30.3,256716.0,1072382.0
2006,30.4,0.0,0.0
2006,30.91,7714.0,26627.0
2006,31.02,0.0,1035.0
2006,31.03,24006.0,26942.0
2006,31.09,28789.0,22749.0
2006,32.2,0.0,4775.0
2006,32.3,3395.0,13662.0
2006,33.16,12639.0,14237.0
2006,33.17,3563.0,17869.0
2006,33.2,44221.0,47676.0
2006,35.0,31736960.0,30506358.0
2006,35.1,58487037.0,115081677.0
2006,35.11,968685811.0,1002565755.0
2006,35.13,399.0,4805.0
2006,35.14,0.0,275201.0
2006,35.2,209323.0,230372.0
2006,35.21,375548.0,629123.0
2006,35.22,2841581.0,3462608.0
2006,35.23,45122.0,26629.0
2006,35.3,104396253.0,165089196.0
2006,36.0,4964.0,5197.0
2006,37.0,21357.0,99807.0
2006,38.21,69893.0,306871.0
2006,38.32,67375.0,291449.0
2006,42.11,5381.0,13769.0
2006,43.22,2002.0,5198.0
2006,43.99,0.0,0.0
2006,46.21,16583.0,18804.0
2006,46.46,0.0,12206.0
2006,47.29,0.0,0.0
2006,49.1,9870.0,18352.0
2006,49.5,995901.0,4399767.0
2006,51.0,0.0,0.0
2006,51.1,0.0,183472.0
2006,52.1,118531.0,241259.0
2006,52.23,204273.0,256140.0
2006,52.24,36510.0,61843.0
2006,53.1,0.0,7039.0
2006,56.1,0.0,6316.0
2006,58.19,0.0,0.0
2006,60.2,0.0,0.0
2006,61.1,2675.0,2480.0
2006,63.11,1328.0,417.0
2006,64.11,0.0,0.0
2006,64.91,2848.0,2950.0
2006,68.2,72514.0,102226.0
2006,68.32,94618.0,143800.0
2006,71.11,8445.0,11053.0
2006,71.12,14759.0,14117.0
2006,72.19,97152.0,181391.0
2006,75.0,0.0,14857.0
2006,82.3,4290.0,4276.0
2006,82.99,0.0,441218.0
2006,84.12,9251.0,8508.0
2006,84.22,205656.0,199202.0
2006,85.32,0.0,0.0
2006,85.42,290616.0,281852.0
2006,86.1,1223616.0,1358135.0
2006,86.21,11064.0,9860.0
2006,86.9,8893.0,10714.0
2007,1.13,330494.0,375556.0
2007,1.19,99085.0,114710.0
2007,1.21,61015.0,87442.0
2007,1.63,3549.0,1505.0
2007,5.1,16265.0,15551.0
2007,6.1,14042825.0,20635478.0
2007,6.2,1719175.0,1975660.0
2007,7.1,7406442.0,14245855.0
2007,7.21,87142.0,48527.0
2007,8.11,0.0,32200.0
2007,8.12,59573.0,165756.0
2007,8.91,45833.0,132968.0
2007,8.92,30087.0,126926.0
2007,8.93,620987.0,675308.0
2007,8.99,696696.0,820987.0
2007,9.1,85829.0,51556.0
2007,10.11,341752.0,445740.0
2007,10.12,70274.0,48244.0
2007,10.13,285936.0,248866.0
2007,10.2,201922.0,301198.0
2007,10.3,6286.0,7876.0
2007,10.31,723238.0,642928.0
2007,10.32,426130.0,332523.0
2007,10.39,806638.0,716733.0
2007,10.41,2081896.0,2298435.0
2007,10.42,19305.0,20500.0
2007,10.51,3619804.0,3404800.0
2007,10.52,19934.0,9758.0
2007,10.61,252729.0,123510.0
2007,10.62,5664680.0,4752068.0
2007,10.71,7965.0,20908.0
2007,10.72,16739.0,29123.0
2007,10.73,71925.0,51458.0
2007,10.8,0.0,0.0
2007,10.81,10263469.0,11072223.0
2007,10.82,94756.0,178784.0
2007,10.83,367291.0,294174.0
2007,10.84,31210.0,39141.0
2007,10.85,109341.0,135333.0
2007,10.86,234603.0,176395.0
2007,10.89,645767.0,644209.0
2007,10.91,200501.0,271011.0
2007,10.92,186834.0,117413.0
2007,11.01,465805.0,514212.0
2007,11.02,4508.0,5843.0
2007,11.03,3388.0,9303.0
2007,11.04,14393.0,10167.0
2007,11.05,1195945.0,1381083.0
2007,11.06,189029.0,176371.0
2007,11.07,52003.0,53525.0
2007,12.0,122606.0,130133.0
2007,13.1,234970.0,217267.0
2007,13.2,176246.0,267253.0
2007,13.3,699702.0,797480.0
2007,13.91,37719.0,49972.0
2007,13.92,9566.0,13692.0
2007,13.93,99464.0,124994.0
2007,13.95,82685.0,116776.0
2007,13.96,5082.0,5320.0
2007,13.99,88531.0,109481.0
2007,14.12,179.0,800.0
2007,14.13,44893.0,150265.0
2007,14.14,11196.0,5924.0
2007,14.19,10935.0,17471.0
2007,14.31,7123.0,12486.0
2007,15.11,3716.0,4495.0
2007,16.1,13704.0,14634.0
2007,16.21,2019689.0,3016443.0
2007,16.22,11522.0,78451.0
2007,16.23,11962.0,12100.0
2007,16.29,41276.0,42950.0
2007,17.11,3476676.0,5223524.0
2007,17.12,33752813.0,31985551.0
2007,17.21,926718.0,833221.0
2007,17.22,701894.0,560761.0
2007,17.23,96513.0,84721.0
2007,17.24,17444.0,15994.0
2007,17.29,220438.0,108013.0
2007,18.11,46007.0,44502.0
2007,18.12,51914.0,51409.0
2007,18.2,2718.0,2506.0
2007,19.1,7337126.0,8752022.0
2007,19.2,178099400.0,153328839.0
2007,20.11,1372656.0,1487765.0
2007,20.12,360761.0,382563.0
2007,20.13,6851224.0,5655631.0
2007,20.14,28630186.0,26640239.0
2007,20.15,4958332.0,8510367.0
2007,20.16,2153351.0,2562992.0
2007,20.17,746753.0,535843.0
2007,20.2,203715.0,214533.0
2007,20.3,852774.0,696200.0
2007,20.41,100855.0,168930.0
2007,20.42,128608.0,124380.0
2007,20.51,73146.0,89729.0
2007,20.52,63557.0,145175.0
2007,20.53,0.0,5400.0
2007,20.59,1341608.0,1597082.0
2007,20.6,879852.0,1064047.0
2007,21.1,940508.0,1263370.0
2007,21.2,903098.0,1166328.0
2007,22.11,1886731.0,1801363.0
2007,22.19,181832.0,157799.0
2007,22.21,320439.0,257352.0
2007,22.22,89215.0,59843.0
2007,22.23,5239.0,6247.0
2007,22.29,168988.0,125225.0
2007,23.11,7500612.0,7185503.0
2007,23.12,27475.0,25254.0
2007,23.13,13235141.0,11783144.0
2007,23.14,1547960.0,1520109.0
2007,23.19,1310757.0,1163245.0
2007,23.2,1075741.0,995695.0
2007,23.31,4758902.0,3340093.0
2007,23.32,12676313.0,12600905.0
2007,23.4,36283.0,69195.0
2007,23.41,1448836.0,1869790.0
2007,23.42,158217.0,145258.0
2007,23.44,6999.0,12216.0
2007,23.49,47798.0,92114.0
2007,23.5,0.0,3600.0
2007,23.51,188733096.0,164650197.0
2007,23.52,37037349.0,32280807.0
2007,23.61,84273.0,159093.0
2007,23.62,127364.0,135890.0
2007,23.63,9514.0,20439.0
2007,23.64,64039.0,49145.0
2007,23.65,42508.0,47276.0
2007,23.91,15178.0,18565.0
2007,23.99,1043802.0,1096261.0
2007,24.1,205182591.0,195747847.0
2007,24.2,284710.0,377877.0
2007,24.31,24578.0,32474.0
2007,24.34,14948.0,18792.0
2007,24.42,2731401.0,3414744.0
2007,24.43,144117.0,167135.0
2007,24.44,59722.0,95623.0
2007,24.45,94121.0,111031.0
2007,24.46,822547.0,651752.0
2007,24.51,2488957.0,1641347.0
2007,24.52,130.0,5297.0
2007,24.53,75995.0,65450.0
2007,24.54,12109.0,8300.0
2007,25.11,83997.0,68176.0
2007,25.3,17224.0,12547.0
2007,25.4,193717.0,185246.0
2007,25.5,9902.0,9242.0
2007,25.61,0.0,0.0
2007,25.62,39268.0,58015.0
2007,25.73,22195.0,22048.0
2007,25.92,19410.0,8495.0
2007,25.93,26904.0,14845.0
2007,25.99,13755.0,13448.0
2007,26.11,313839.0,226765.0
2007,26.2,14308.0,14070.0
2007,26.3,8142.0,5877.0
2007,27.11,3373.0,10361.0
2007,27.12,0.0,42507.0
2007,27.32,45437.0,42311.0
2007,27.4,35012.0,52700.0
2007,27.51,58943.0,46867.0
2007,27.9,29364.0,30612.0
2007,28.11,108304.0,98741.0
2007,28.13,13409.0,15961.0
2007,28.14,23347.0,26564.0
2007,28.15,327802.0,392316.0
2007,28.22,9741.0,44536.0
2007,28.25,26048.0,13024.0
2007,28.29,25033.0,12836.0
2007,28.3,23552.0,16998.0
2007,28.91,0.0,0.0
2007,28.92,92970.0,98081.0
2007,28.94,13493.0,14064.0
2007,28.95,6200.0,4768.0
2007,28.99,74996.0,90265.0
2007,29.1,1821422.0,2479616.0
2007,29.2,43882.0,47089.0
2007,29.32,214924.0,225370.0
2007,30.11,230697.0,253962.0
2007,30.2,145972.0,149350.0
2007,30.3,1314182.0,1079992.0
2007,30.4,0.0,0.0
2007,30.91,39571.0,26627.0
2007,31.02,276.0,1035.0
2007,31.03,23859.0,26941.0
2007,31.09,9309.0,27627.0
2007,32.2,5646.0,4775.0
2007,32.3,15013.0,13441.0
2007,33.16,12376.0,19370.0
2007,33.17,27390.0,17869.0
2007,33.2,39488.0,47675.0
2007,35.0,32535656.0,32191034.0
2007,35.1,136361291.0,116806639.0
2007,35.11,1168674308.0,1027560272.0
2007,35.13,1125.0,4806.0
2007,35.14,340388.0,559315.0
2007,35.2,230393.0,230372.0
2007,35.21,465499.0,629127.0
2007,35.22,3192753.0,3446416.0
2007,35.23,48260.0,26629.0
2007,35.3,167959659.0,175052325.0
2007,36.0,4239.0,4960.0
2007,37.0,39467.0,99806.0
2007,38.21,103359.0,306869.0
2007,38.32,149552.0,291447.0
2007,42.11,7503.0,13362.0
2007,43.22,12617.0,5197.0
2007,43.99,0.0,0.0
2007,46.21,11147.0,18804.0
2007,46.46,23893.0,12206.0
2007,47.29,0.0,0.0
2007,49.1,21058.0,18353.0
2007,49.5,4691949.0,4433663.0
2007,51.0,0.0,0.0
2007,51.1,318345.0,183473.0
2007,52.1,418691.0,241257.0
2007,52.23,269944.0,279381.0
2007,52.24,34111.0,61843.0
2007,53.1,13348.0,7039.0
2007,56.1,13871.0,6316.0
2007,58.14,12970.0,0.0
2007,58.19,0.0,0.0
2007,60.2,0.0,0.0
2007,61.1,2142.0,2480.0
2007,63.11,3303.0,417.0
2007,64.11,1136.0,0.0
2007,64.91,2832.0,2950.0
2007,68.2,62805.0,102226.0
2007,68.32,47625.0,143515.0
2007,71.11,8187.0,11054.0
2007,71.12,13645.0,13344.0
2007,72.19,230555.0,181392.0
2007,75.0,25618.0,14857.0
2007,82.3,4381.0,4275.0
2007,82.99,813946.0,441219.0
2007,84.12,8673.0,8508.0
2007,84.22,189764.0,199202.0
2007,85.32,0.0,0.0
2007,85.42,302663.0,309255.0
2007,86.1,1433492.0,1358132.0
2007,86.21,10605.0,9860.0
2007,86.9,5014.0,10714.0
2008,1.13,356407.0,966095.0
2008,1.19,73867.0,164362.0
2008,1.21,57305.0,75593.0
2008,1.22,0.0,83386.0
2008,1.3,0.0,35068.0
2008,1.62,249.0,18460.0
2008,1.63,1189.0,1607.0
2008,5.1,14743.0,16008.0
2008,6.1,17999171.0,21912020.0
2008,6.2,1750747.0,2146977.0
2008,7.1,8302681.0,3568170.0
2008,7.21,44263.0,54473.0
2008,8.11,3465.0,472340.0
2008,8.12,121821.0,184453.0
2008,8.91,48356.0,129931.0
2008,8.92,83598.0,49328.0
2008,8.93,583702.0,667080.0
2008,8.99,714022.0,720487.0
2008,9.1,84418.0,109270.0
2008,10.11,402435.0,433319.0
2008,10.12,49768.0,54737.0
2008,10.13,260750.0,272389.0
2008,10.2,218371.0,354876.0
2008,10.3,7510.0,8405.0
2008,10.31,604312.0,837442.0
2008,10.32,211323.0,432514.0
2008,10.39,692229.0,875314.0
2008,10.41,1907820.0,2481424.0
2008,10.42,17425.0,43083.0
2008,10.51,2997500.0,3312800.0
2008,10.52,9531.0,7755.0
2008,10.61,181160.0,197583.0
2008,10.62,3669571.0,4930506.0
2008,10.71,7505.0,8163.0
2008,10.72,15569.0,89511.0
2008,10.73,144160.0,118709.0
2008,10.8,0.0,0.0
2008,10.81,7724577.0,8939374.0
2008,10.82,81989.0,167096.0
2008,10.83,280479.0,418680.0
2008,10.84,29734.0,42791.0
2008,10.85,84666.0,185626.0
2008,10.86,142322.0,185384.0
2008,10.89,498679.0,746998.0
2008,10.91,227994.0,184291.0
2008,10.92,108978.0,172307.0
2008,11.01,400701.0,617375.0
2008,11.02,3842.0,3963.0
2008,11.03,7047.0,22850.0
2008,11.04,9973.0,10526.0
2008,11.05,1150208.0,1600275.0
2008,11.06,172392.0,215400.0
2008,11.07,81083.0,112517.0
2008,12.0,72124.0,120409.0
2008,13.1,153137.0,190209.0
2008,13.2,170189.0,165047.0
2008,13.3,788522.0,781225.0
2008,13.91,39600.0,41006.0
2008,13.92,8597.0,5033.0
2008,13.93,89616.0,96173.0
2008,13.95,80820.0,99239.0
2008,13.96,4701.0,12974.0
2008,13.99,69547.0,99680.0
2008,14.12,0.0,340.0
2008,14.13,25599.0,42087.0
2008,14.14,4755.0,5990.0
2008,14.19,16210.0,13565.0
2008,14.31,3400.0,3562.0
2008,15.11,3497.0,3797.0
2008,16.1,16741.0,257101.0
2008,16.21,2038887.0,3437729.0
2008,16.22,10198.0,136253.0
2008,16.23,11722.0,11384.0
2008,16.29,70531.0,28844.0
2008,17.11,2941689.0,4187725.0
2008,17.12,26600731.0,32872449.0
2008,17.21,665050.0,787997.0
2008,17.22,508150.0,620941.0
2008,17.23,71246.0,91793.0
2008,17.24,15411.0,18399.0
2008,17.29,114515.0,121374.0
2008,18.11,41679.0,47103.0
2008,18.12,68379.0,50751.0
2008,18.2,2772.0,2873.0
2008,19.1,7628462.0,5955288.0
2008,19.2,147641624.0,146234289.0
2008,20.11,1206479.0,1987742.0
2008,20.12,344219.0,628938.0
2008,20.13,5014336.0,8383788.0
2008,20.14,22321592.0,53032256.0
2008,20.15,7691150.0,8144853.0
2008,20.16,1978441.0,2457242.0
2008,20.17,468126.0,485898.0
2008,20.2,123496.0,203498.0
2008,20.3,508957.0,648000.0
2008,20.41,78873.0,180320.0
2008,20.42,124813.0,125416.0
2008,20.51,68140.0,84326.0
2008,20.52,12916.0,117433.0
2008,20.53,9840.0,4567.0
2008,20.59,1111129.0,1342136.0
2008,20.6,733363.0,906908.0
2008,21.1,879274.0,1331588.0
2008,21.2,841336.0,1156921.0
2008,22.11,1369578.0,1611645.0
2008,22.19,162772.0,152057.0
2008,22.21,240266.0,285963.0
2008,22.22,62635.0,57285.0
2008,22.23,4631.0,15107.0
2008,22.29,103136.0,92471.0
2008,23.11,6418902.0,7831846.0
2008,23.12,15862.0,11135.0
2008,23.13,10676945.0,12367336.0
2008,23.14,1437194.0,1674496.0
2008,23.19,995228.0,1083171.0
2008,23.2,878967.0,1817942.0
2008,23.31,3117895.0,3228124.0
2008,23.32,10933768.0,14557834.0
2008,23.4,24618.0,32180.0
2008,23.41,684549.0,611105.0
2008,23.42,159553.0,160191.0
2008,23.43,7682.0,24165.0
2008,23.44,8007.0,17340.0
2008,23.49,54457.0,15359.0
2008,23.5,0.0,0.0
2008,23.51,165435663.0,175593363.0
2008,23.52,30767040.0,35631529.0
2008,23.61,70292.0,189440.0
2008,23.62,127729.0,227533.0
2008,23.63,7789.0,27826.0
2008,23.64,32022.0,32194.0
2008,23.65,37945.0,58798.0
2008,23.91,17630.0,4900.0
2008,23.99,960346.0,2315020.0
2008,24.1,169816438.0,232134605.0
2008,24.2,369108.0,1007866.0
2008,24.31,25341.0,44424.0
2008,24.34,7253.0,7480.0
2008,24.42,2844965.0,2805211.0
2008,24.43,116086.0,351274.0
2008,24.44,80576.0,164286.0
2008,24.45,94154.0,148970.0
2008,24.46,703323.0,588745.0
2008,24.51,1552370.0,1535912.0
2008,24.52,4108.0,6144.0
2008,24.53,71083.0,52299.0
2008,24.54,47992.0,49635.0
2008,25.11,75719.0,57558.0
2008,25.3,11429.0,10024.0
2008,25.4,128057.0,184823.0
2008,25.5,3958.0,5298.0
2008,25.61,0.0,81023.0
2008,25.62,27420.0,32970.0
2008,25.73,13620.0,17709.0
2008,25.92,11649.0,10868.0
2008,25.93,12523.0,14394.0
2008,25.99,12394.0,46689.0
2008,26.11,259236.0,278662.0
2008,26.2,10592.0,4049.0
2008,26.3,4509.0,6216.0
2008,27.11,2963.0,4050.0
2008,27.12,15584.0,38531.0
2008,27.32,29617.0,30222.0
2008,27.4,37693.0,37569.0
2008,27.51,52184.0,65819.0
2008,27.9,23929.0,25331.0
2008,28.11,57298.0,94745.0
2008,28.13,19693.0,11477.0
2008,28.14,23084.0,24865.0
2008,28.15,254914.0,302965.0
2008,28.21,12294.0,13191.0
2008,28.22,15461.0,37211.0
2008,28.29,9927.0,31394.0
2008,28.3,23325.0,35846.0
2008,28.91,0.0,0.0
2008,28.92,74560.0,86669.0
2008,28.94,13754.0,12552.0
2008,28.95,6268.0,5665.0
2008,28.99,9022.0,31923.0
2008,29.1,1350143.0,2407960.0
2008,29.2,39096.0,52919.0
2008,29.32,157055.0,178143.0
2008,30.11,119787.0,271399.0
2008,30.2,110751.0,131203.0
2008,30.3,836977.0,1167128.0
2008,30.4,0.0,8521.0
2008,30.91,21278.0,33046.0
2008,31.02,2829.0,1071.0
2008,31.03,22655.0,11590.0
2008,31.09,22678.0,27139.0
2008,32.2,0.0,3601.0
2008,32.3,8003.0,8865.0
2008,33.16,13456.0,30408.0
2008,33.17,24755.0,18744.0
2008,33.2,21946.0,23464.0
2008,35.0,35136154.0,27434819.0
2008,35.1,103508627.0,87201980.0
2008,35.11,1037733469.0,833322905.0
2008,35.13,745.0,3930.0
2008,35.14,322992.0,445826.0
2008,35.2,170936.0,191288.0
2008,35.21,362920.0,511394.0
2008,35.22,2493068.0,3424015.0
2008,35.23,31552.0,36187.0
2008,35.3,143472212.0,153543287.0
2008,36.0,2357.0,5525.0
2008,37.0,36135.0,80427.0
2008,38.21,259228.0,186344.0
2008,38.32,76875.0,211823.0
2008,41.2,0.0,19804.0
2008,42.11,14269.0,13756.0
2008,43.22,3444.0,3569.0
2008,43.99,0.0,0.0
2008,46.21,12816.0,14793.0
2008,46.46,11643.0,13011.0
2008,47.29,0.0,0.0
2008,49.1,10940.0,11921.0
2008,49.5,2374508.0,4330899.0
2008,51.0,0.0,0.0
2008,51.1,139626.0,185811.0
2008,52.1,207981.0,349192.0
2008,52.23,209292.0,359471.0
2008,52.24,35077.0,55662.0
2008,53.1,6522.0,7481.0
2008,56.1,6600.0,6742.0
2008,58.14,38192.0,67208.0
2008,58.19,24466.0,81085.0
2008,60.2,0.0,0.0
2008,61.1,2539.0,2736.0
2008,63.11,1423.0,19547.0
2008,64.11,1964.0,5524.0
2008,64.91,2473.0,0.0
2008,68.2,61003.0,71393.0
2008,68.32,133435.0,121261.0
2008,70.22,909.0,2033.0
2008,71.11,6502.0,8696.0
2008,71.12,12926.0,13557.0
2008,72.19,156952.0,193927.0
2008,75.0,15600.0,13970.0
2008,82.3,3233.0,4646.0
2008,82.99,434436.0,373114.0
2008,84.11,2321.0,2862.0
2008,84.12,7287.0,8645.0
2008,84.22,178110.0,174160.0
2008,85.32,0.0,0.0
2008,85.42,319168.0,215219.0
2008,86.1,1322190.0,1323253.0
2008,86.21,10476.0,0.0
2008,86.9,0.0,0.0
2009,1.13,1268656.0,2054121.0
2009,1.19,115612.0,164349.0
2009,1.21,92368.0,90610.0
2009,1.22,103238.0,120499.0
2009,1.3,53249.0,101853.0
2009,1.62,755.0,18460.0
2009,1.63,1299.0,1607.0
2009,5.1,15967.0,38383.0
2009,6.1,36306477.0,22359588.0
2009,6.2,2415492.0,2146975.0
2009,7.1,3581492.0,3634506.0
2009,7.21,40116.0,55054.0
2009,8.11,395403.0,472340.0
2009,8.12,128467.0,186911.0
2009,8.91,54629.0,129931.0
2009,8.92,30661.0,49328.0
2009,8.93,655319.0,667077.0
2009,8.99,566198.0,728626.0
2009,9.1,121823.0,109270.0
2009,10.11,410884.0,413111.0
2009,10.12,50536.0,54737.0
2009,10.13,265872.0,271991.0
2009,10.2,288823.0,355107.0
2009,10.3,7330.0,8405.0
2009,10.31,810727.0,928919.0
2009,10.32,407804.0,441744.0
2009,10.39,717218.0,878917.0
2009,10.41,2101459.0,2560012.0
2009,10.42,64005.0,43386.0
2009,10.51,3028312.0,3312398.0
2009,10.52,9625.0,7755.0
2009,10.61,168506.0,189312.0
2009,10.62,4008707.0,4902028.0
2009,10.71,7318.0,8163.0
2009,10.72,70897.0,89666.0
2009,10.73,61158.0,131032.0
2009,10.8,0.0,0.0
2009,10.81,6702949.0,8869879.0
2009,10.82,136922.0,167095.0
2009,10.83,382452.0,418680.0
2009,10.84,38005.0,42791.0
2009,10.85,181646.0,194885.0
2009,10.86,180126.0,187128.0
2009,10.89,640348.0,734002.0
2009,10.91,160319.0,195071.0
2009,10.92,162020.0,153130.0
2009,11.01,585660.0,620984.0
2009,11.02,2053.0,3962.0
2009,11.03,13643.0,59908.0
2009,11.04,9400.0,4672.0
2009,11.05,1273082.0,1599569.0
2009,11.06,195210.0,227339.0
2009,11.07,78471.0,119994.0
2009,12.0,98991.0,130165.0
2009,13.1,116522.0,186620.0
2009,13.2,104389.0,164260.0
2009,13.3,553347.0,781400.0
2009,13.91,32461.0,41006.0
2009,13.92,4956.0,5033.0
2009,13.93,67022.0,96170.0
2009,13.95,75257.0,112657.0
2009,13.96,9720.0,12974.0
2009,13.99,59005.0,56970.0
2009,14.12,0.0,340.0
2009,14.13,13142.0,42087.0
2009,14.14,4393.0,5990.0
2009,14.19,5943.0,13565.0
2009,14.31,3491.0,0.0
2009,15.11,3134.0,16910.0
2009,16.1,17015.0,288184.0
2009,16.21,2079240.0,3797652.0
2009,16.22,6810.0,136253.0
2009,16.23,9143.0,11384.0
2009,16.29,79266.0,94918.0
2009,17.11,2998112.0,4386546.0
2009,17.12,26833497.0,33434615.0
2009,17.21,657814.0,787997.0
2009,17.22,542372.0,648664.0
2009,17.23,60586.0,91793.0
2009,17.24,13018.0,18399.0
2009,17.29,120609.0,127178.0
2009,18.11,41094.0,47103.0
2009,18.12,56878.0,131857.0
2009,18.2,3013.0,2873.0
2009,19.1,6949022.0,5939056.0
2009,19.2,144785873.0,146703084.0
2009,20.11,1739496.0,2132909.0
2009,20.12,447574.0,633196.0
2009,20.13,7230284.0,8054052.0
2009,20.14,45649788.0,53832884.0
2009,20.15,7130673.0,10294510.0
2009,20.16,2080846.0,2420648.0
2009,20.17,479041.0,485898.0
2009,20.2,180317.0,219562.0
2009,20.3,486909.0,651739.0
2009,20.41,131392.0,180320.0
2009,20.42,114866.0,125416.0
2009,20.51,63363.0,84326.0
2009,20.52,116523.0,148357.0
2009,20.53,5637.0,4567.0
2009,20.59,1129599.0,1346724.0
2009,20.6,697188.0,907010.0
2009,21.1,938852.0,1344456.0
2009,21.2,880534.0,1131115.0
2009,22.11,1276368.0,1529157.0
2009,22.19,131546.0,152057.0
2009,22.21,252944.0,285962.0
2009,22.22,52662.0,57301.0
2009,22.23,16837.0,15107.0
2009,22.29,86158.0,92471.0
2009,23.11,6963627.0,7958631.0
2009,23.12,12149.0,11135.0
2009,23.13,11434893.0,12430211.0
2009,23.14,1366083.0,1672957.0
2009,23.19,877330.0,1055908.0
2009,23.2,1485331.0,1827013.0
2009,23.31,2637245.0,3325165.0
2009,23.32,10436522.0,14941121.0
2009,23.4,13871.0,11506.0
2009,23.41,255390.0,504052.0
2009,23.42,100544.0,154830.0
2009,23.43,7468.0,24165.0
2009,23.44,9456.0,17340.0
2009,23.49,15227.0,38724.0
2009,23.5,0.0,0.0
2009,23.51,155380174.0,176877004.0
2009,23.52,30872883.0,36456759.0
2009,23.61,82820.0,115177.0
2009,23.62,286648.0,227532.0
2009,23.63,5788.0,27826.0
2009,23.64,30091.0,32194.0
2009,23.65,51007.0,58798.0
2009,23.91,3550.0,4900.0
2009,23.99,2140567.0,2505575.0
2009,24.1,170660553.0,232187540.0
2009,24.2,996454.0,1007971.0
2009,24.31,43262.0,44424.0
2009,24.34,8134.0,7480.0
2009,24.42,1694776.0,2794924.0
2009,24.43,262946.0,353993.0
2009,24.44,108008.0,167396.0
2009,24.45,116525.0,148970.0
2009,24.46,542104.0,588745.0
2009,24.51,1552339.0,1536739.0
2009,24.52,17439.0,6144.0
2009,24.53,51030.0,52299.0
2009,24.54,54359.0,50162.0
2009,25.11,65941.0,57558.0
2009,25.3,9250.0,10024.0
2009,25.4,141047.0,175385.0
2009,25.5,3851.0,0.0
2009,25.61,69336.0,81023.0
2009,25.62,22856.0,29025.0
2009,25.73,11932.0,17709.0
2009,25.92,10342.0,10868.0
2009,25.93,12716.0,14394.0
2009,25.99,13845.0,51506.0
2009,26.11,235160.0,280080.0
2009,26.2,3739.0,4049.0
2009,27.11,2844.0,4050.0
2009,27.12,15960.0,38530.0
2009,27.32,31356.0,30222.0
2009,27.4,38135.0,37569.0
2009,27.51,49780.0,65819.0
2009,27.9,8825.0,25331.0
2009,28.11,75066.0,94745.0
2009,28.13,8189.0,11477.0
2009,28.14,21972.0,24865.0
2009,28.15,212190.0,302965.0
2009,28.21,9668.0,13191.0
2009,28.22,13894.0,37210.0
2009,28.29,31018.0,31394.0
2009,28.3,15764.0,35846.0
2009,28.91,0.0,0.0
2009,28.92,69057.0,86669.0
2009,28.94,6874.0,0.0
2009,28.95,6675.0,5665.0
2009,28.99,4863.0,31923.0
2009,29.1,1292361.0,2400978.0
2009,29.2,31305.0,52919.0
2009,29.32,125115.0,168854.0
2009,30.11,144780.0,271395.0
2009,30.2,103508.0,127116.0
2009,30.3,751662.0,1181112.0
2009,30.4,2858.0,8521.0
2009,30.91,19827.0,37706.0
2009,31.02,564.0,1071.0
2009,31.03,9395.0,11590.0
2009,31.09,19149.0,27139.0
2009,32.2,0.0,3601.0
2009,32.3,7930.0,8865.0
2009,33.16,27379.0,30407.0
2009,33.17,16331.0,18744.0
2009,33.2,21831.0,23464.0
2009,35.0,35469129.0,27577430.0
2009,35.1,96603913.0,87912915.0
2009,35.11,1062500629.0,834550700.0
2009,35.13,1049.0,5973.0
2009,35.14,341160.0,445826.0
2009,35.2,181148.0,191285.0
2009,35.21,391910.0,511394.0
2009,35.22,2745834.0,3500169.0
2009,35.23,26127.0,36187.0
2009,35.3,144745954.0,156186539.0
2009,36.0,2415.0,5525.0
2009,37.0,22554.0,89657.0
2009,38.21,201335.0,186340.0
2009,38.32,49917.0,211823.0
2009,41.2,6866.0,0.0
2009,42.11,12815.0,16082.0
2009,43.22,15162.0,3569.0
2009,43.99,14535.0,73803.0
2009,46.21,15844.0,14793.0
2009,46.46,11388.0,13011.0
2009,47.29,7.0,0.0
2009,49.1,12858.0,11921.0
2009,49.5,3525996.0,4408527.0
2009,51.0,0.0,0.0
2009,51.1,148957.0,185811.0
2009,52.1,226962.0,349192.0
2009,52.22,58.0,0.0
2009,52.23,256382.0,359807.0
2009,52.24,35786.0,55764.0
2009,53.1,2339.0,7481.0
2009,56.1,7527.0,6742.0
2009,58.14,42467.0,71879.0
2009,58.19,26668.0,81085.0
2009,60.2,0.0,0.0
2009,61.1,2938.0,2736.0
2009,63.11,12984.0,19547.0
2009,64.1,0.0,0.0
2009,64.11,2786.0,5524.0
2009,68.2,25336.0,71393.0
2009,68.32,91533.0,121261.0
2009,70.22,716.0,2033.0
2009,71.11,4592.0,8696.0
2009,71.12,12799.0,13557.0
2009,72.19,148316.0,193927.0
2009,72.2,6960.0,7403.0
2009,75.0,14711.0,13970.0
2009,82.3,4107.0,4646.0
2009,82.99,369673.0,373114.0
2009,84.11,2207.0,2862.0
2009,84.12,7778.0,8645.0
2009,84.22,160867.0,174145.0
2009,85.32,2.0,0.0
2009,85.42,204670.0,218169.0
2009,86.1,1166117.0,1368342.0
2010,1.13,1411201.0,2023083.0
2010,1.19,105465.0,179240.0
2010,1.21,51641.0,99637.0
2010,1.22,90028.0,116722.0
2010,1.3,55186.0,71597.0
2010,1.62,0.0,18460.0
2010,1.63,1132.0,1607.0
2010,5.1,41517.0,55556.0
2010,6.1,31696660.0,23944339.0
2010,6.2,2016102.0,2238048.0
2010,7.1,2114861.0,3054432.0
2010,7.21,41498.0,58103.0
2010,8.11,241833.0,472340.0
2010,8.12,94891.0,197018.0
2010,8.91,45719.0,129931.0
2010,8.92,13914.0,49328.0
2010,8.93,612113.0,667076.0
2010,8.99,426841.0,728626.0
2010,9.1,103806.0,128460.0
2010,10.11,325642.0,413111.0
2010,10.12,50477.0,54737.0
2010,10.13,227150.0,288749.0
2010,10.2,311892.0,355352.0
2010,10.3,7162.0,8405.0
2010,10.31,779370.0,897854.0
2010,10.32,404968.0,443116.0
2010,10.39,784186.0,912491.0
2010,10.41,2193164.0,2804259.0
2010,10.42,33385.0,43340.0
2010,10.51,2578310.0,3267490.0
2010,10.52,8848.0,7755.0
2010,10.61,173898.0,195079.0
2010,10.62,3922477.0,5054046.0
2010,10.71,8217.0,8163.0
2010,10.72,54884.0,86374.0
2010,10.73,50680.0,131032.0
2010,10.8,0.0,0.0
2010,10.81,7159784.0,8882001.0
2010,10.82,134937.0,182629.0
2010,10.83,369361.0,432194.0
2010,10.84,34879.0,42791.0
2010,10.85,181026.0,194885.0
2010,10.86,169481.0,182751.0
2010,10.89,599725.0,818930.0
2010,10.91,158951.0,200349.0
2010,10.92,132403.0,153130.0
2010,11.01,511978.0,591922.0
2010,11.02,1910.0,3962.0
2010,11.03,19630.0,59908.0
2010,11.04,2333.0,4672.0
2010,11.05,1136419.0,1611724.0
2010,11.06,150769.0,235658.0
2010,11.07,69768.0,149857.0
2010,12.0,94196.0,130130.0
2010,13.1,72449.0,125394.0
2010,13.2,99412.0,152247.0
2010,13.3,417344.0,756230.0
2010,13.91,25884.0,34522.0
2010,13.92,4681.0,5033.0
2010,13.93,50359.0,90776.0
2010,13.95,66262.0,112658.0
2010,13.96,4107.0,12974.0
2010,13.99,33682.0,56970.0
2010,14.12,0.0,340.0
2010,14.13,2744.0,29372.0
2010,14.14,3945.0,5990.0
2010,14.19,4824.0,13565.0
2010,15.11,6670.0,17994.0
2010,16.1,14147.0,344233.0
2010,16.21,1879441.0,3742285.0
2010,16.22,6287.0,136253.0
2010,16.23,9491.0,11384.0
2010,16.29,64190.0,93995.0
2010,17.11,2733509.0,4086420.0
2010,17.12,23845059.0,34048435.0
2010,17.21,592783.0,821848.0
2010,17.22,539719.0,693344.0
2010,17.23,54692.0,91793.0
2010,17.24,13361.0,18399.0
2010,17.29,107656.0,127893.0
2010,18.11,33402.0,47103.0
2010,18.12,58458.0,104770.0
2010,18.2,2858.0,2873.0
2010,19.1,5095545.0,6276922.0
2010,19.2,136156716.0,149947319.0
2010,20.11,1642121.0,1994928.0
2010,20.12,320740.0,634397.0
2010,20.13,5964515.0,7725783.0
2010,20.14,42967879.0,54119911.0
2010,20.15,7552763.0,9968538.0
2010,20.16,1748539.0,2421716.0
2010,20.17,358736.0,436486.0
2010,20.2,171549.0,226935.0
2010,20.3,355983.0,664065.0
2010,20.41,126746.0,180320.0
2010,20.42,115334.0,125416.0
2010,20.51,45980.0,57505.0
2010,20.52,129173.0,132895.0
2010,20.53,5702.0,4567.0
2010,20.59,1004994.0,1391597.0
2010,20.6,676929.0,908051.0
2010,21.1,835661.0,1359751.0
2010,21.2,877321.0,1150667.0
2010,22.11,1095952.0,1572556.0
2010,22.19,100807.0,152057.0
2010,22.21,229533.0,263736.0
2010,22.22,50141.0,60702.0
2010,22.23,16507.0,15107.0
2010,22.29,72676.0,56379.0
2010,23.11,6136100.0,8252760.0
2010,23.12,12352.0,11135.0
2010,23.13,10613605.0,12390907.0
2010,23.14,1058591.0,1745669.0
2010,23.19,709822.0,1049173.0
2010,23.2,1021698.0,1822056.0
2010,23.31,2101132.0,3316886.0
2010,23.32,7451181.0,15371579.0
2010,23.4,118.0,11506.0
2010,23.41,80378.0,336930.0
2010,23.42,116905.0,151311.0
2010,23.43,4593.0,24164.0
2010,23.44,3353.0,9860.0
2010,23.49,23560.0,72857.0
2010,23.5,0.0,0.0
2010,23.51,132275858.0,177577397.0
2010,23.52,24367724.0,37155837.0
2010,23.61,28124.0,84572.0
2010,23.62,194761.0,227532.0
2010,23.63,4795.0,27826.0
2010,23.64,26889.0,32194.0
2010,23.65,44249.0,58798.0
2010,23.91,2067.0,4900.0
2010,23.99,1711564.0,2558264.0
2010,24.1,111663551.0,231985274.0
2010,24.2,735170.0,1022423.0
2010,24.31,35211.0,44424.0
2010,24.34,6744.0,7480.0
2010,24.42,1461116.0,2813395.0
2010,24.43,282108.0,350327.0
2010,24.44,132989.0,164118.0
2010,24.45,112405.0,148970.0
2010,24.46,558474.0,588745.0
2010,24.51,1284729.0,1535825.0
2010,24.52,10493.0,6144.0
2010,24.53,48331.0,52514.0
2010,25.3,5315.0,6013.0
2010,25.4,155394.0,172667.0
2010,25.5,0.0,0.0
2010,25.61,59034.0,81023.0
2010,25.73,10921.0,17709.0
2010,25.92,10356.0,10868.0
2010,25.93,12671.0,14394.0
2010,25.99,48063.0,45175.0
2010,26.11,217602.0,232718.0
2010,26.2,3246.0,4049.0
2010,27.11,2322.0,4050.0
2010,27.12,17171.0,38999.0
2010,27.32,23505.0,30222.0
2010,27.4,34970.0,37569.0
2010,27.51,46939.0,65819.0
2010,27.9,1150.0,1148.0
2010,28.11,78901.0,94745.0
2010,28.12,1958.0,2382.0
2010,28.13,7679.0,11477.0
2010,28.14,20758.0,24865.0
2010,28.15,157565.0,302965.0
2010,28.21,10458.0,13191.0
2010,28.22,12916.0,37210.0
2010,28.29,13502.0,31394.0
2010,28.3,13226.0,35846.0
2010,28.91,0.0,0.0
2010,28.92,41334.0,86669.0
2010,28.95,6770.0,5665.0
2010,28.99,2566.0,0.0
2010,29.1,1161170.0,2349445.0
2010,29.2,16046.0,36842.0
2010,29.32,111013.0,179663.0
2010,30.11,158611.0,279318.0
2010,30.2,90560.0,127116.0
2010,30.3,718445.0,1158679.0
2010,30.4,3082.0,8521.0
2010,30.91,19934.0,35376.0
2010,31.02,291.0,1071.0
2010,31.03,9101.0,0.0
2010,31.09,9703.0,27139.0
2010,32.2,0.0,3601.0
2010,32.3,7345.0,8865.0
2010,33.16,23673.0,30407.0
2010,33.17,16586.0,18744.0
2010,33.2,17631.0,0.0
2010,35.0,33618713.0,30791288.0
2010,35.1,83110582.0,88384953.0
2010,35.11,835089988.0,844735905.0
2010,35.13,9954.0,3261.0
2010,35.14,332292.0,445826.0
2010,35.2,174976.0,191285.0
2010,35.21,390971.0,643796.0
2010,35.22,3105134.0,3799990.0
2010,35.23,50381.0,36187.0
2010,35.3,142148437.0,161204564.0
2010,36.0,2298.0,5525.0
2010,37.0,35214.0,111542.0
2010,38.21,153725.0,186340.0
2010,38.32,46049.0,185413.0
2010,42.11,19096.0,26094.0
2010,43.22,7474.0,3569.0
2010,43.99,8229.0,47160.0
2010,46.21,11756.0,14793.0
2010,46.46,10699.0,13011.0
2010,47.29,0.0,0.0
2010,49.1,12264.0,9900.0
2010,49.5,2828948.0,4489491.0
2010,51.0,0.0,0.0
2010,51.1,142744.0,185811.0
2010,52.1,212470.0,352423.0
2010,52.22,47877.0,0.0
2010,52.23,244653.0,373622.0
2010,52.24,38146.0,55764.0
2010,53.1,2455.0,7481.0
2010,56.1,7492.0,6742.0
2010,58.14,41989.0,71879.0
2010,58.19,23107.0,81085.0
2010,60.2,0.0,0.0
2010,61.1,2690.0,2736.0
2010,63.11,10699.0,19546.0
2010,64.1,0.0,0.0
2010,64.11,2320.0,5524.0
2010,68.2,14505.0,71393.0
2010,68.32,87812.0,121261.0
2010,70.22,829.0,2033.0
2010,71.11,3647.0,8696.0
2010,71.12,12141.0,13557.0
2010,72.19,141269.0,192175.0
2010,72.2,8061.0,7403.0
2010,75.0,9364.0,13970.0
2010,82.3,4763.0,4646.0
2010,82.99,349340.0,373114.0
2010,84.11,2118.0,2862.0
2010,84.12,7244.0,8645.0
2010,84.22,151283.0,174145.0
2010,85.32,4.0,0.0
2010,85.42,205148.0,205194.0
2010,86.1,1141874.0,1426875.0
2011,1.13,1728282.0,1971331.0
2011,1.19,121232.0,174276.0
2011,1.21,51428.0,84174.0
2011,1.22,101732.0,104239.0
2011,1.3,59083.0,71595.0
2011,1.62,908.0,18460.0
2011,1.63,1650.0,1607.0
2011,5.1,43880.0,44811.0
2011,6.1,27262225.0,23623531.0
2011,6.2,2046982.0,2273373.0
2011,7.1,3095534.0,3074634.0
2011,7.21,55928.0,60253.0
2011,8.11,348529.0,472340.0
2011,8.12,114274.0,197019.0
2011,8.91,42244.0,129931.0
2011,8.92,13902.0,53434.0
2011,8.93,668989.0,667076.0
2011,8.99,534848.0,728626.0
2011,9.1,94048.0,121901.0
2011,10.11,319807.0,413110.0
2011,10.12,47023.0,54737.0
2011,10.13,218421.0,265504.0
2011,10.2,333716.0,355482.0
2011,10.3,6397.0,8405.0
2011,10.31,811189.0,901425.0
2011,10.32,378936.0,461174.0
2011,10.39,844218.0,923183.0
2011,10.41,2178736.0,2785505.0
2011,10.42,26900.0,43340.0
2011,10.51,2808033.0,3248414.0
2011,10.52,9495.0,7755.0
2011,10.61,189562.0,263837.0
2011,10.62,3971730.0,5008105.0
2011,10.71,8038.0,8163.0
2011,10.72,50933.0,86373.0
2011,10.73,48676.0,131032.0
2011,10.8,0.0,0.0
2011,10.81,6846162.0,8823602.0
2011,10.82,130794.0,169841.0
2011,10.83,379828.0,427479.0
2011,10.84,31129.0,42790.0
2011,10.85,176577.0,186288.0
2011,10.86,166642.0,182952.0
2011,10.89,638317.0,788960.0
2011,10.91,159716.0,200624.0
2011,10.92,144188.0,125568.0
2011,11.01,463141.0,551846.0
2011,11.02,1995.0,9439.0
2011,11.03,25002.0,59908.0
2011,11.04,0.0,4672.0
2011,11.05,1096471.0,1515279.0
2011,11.06,178764.0,327988.0
2011,11.07,86621.0,173830.0
2011,12.0,101036.0,136423.0
2011,13.1,67214.0,125181.0
2011,13.2,94083.0,140980.0
2011,13.3,482293.0,732489.0
2011,13.91,22220.0,34522.0
2011,13.92,4201.0,5033.0
2011,13.93,47584.0,90774.0
2011,13.95,67550.0,112658.0
2011,13.96,5167.0,12975.0
2011,13.99,28188.0,52189.0
2011,14.12,0.0,340.0
2011,14.13,1276.0,25435.0
2011,14.14,4491.0,5990.0
2011,14.19,4215.0,13565.0
2011,15.11,9864.0,17994.0
2011,16.1,16353.0,361375.0
2011,16.21,2088081.0,3804504.0
2011,16.22,8522.0,136253.0
2011,16.23,9659.0,11384.0
2011,16.29,53378.0,93995.0
2011,17.11,2778004.0,4137545.0
2011,17.12,25350091.0,34052901.0
2011,17.21,651159.0,858814.0
2011,17.22,565294.0,688148.0
2011,17.23,40777.0,68473.0
2011,17.24,11207.0,18399.0
2011,17.29,110352.0,128478.0
2011,18.11,24594.0,41503.0
2011,18.12,60373.0,104770.0
2011,18.2,3299.0,2873.0
2011,19.1,4285929.0,6266792.0
2011,19.2,118059826.0,150069395.0
2011,20.11,1698811.0,1997904.0
2011,20.12,450562.0,634397.0
2011,20.13,6253768.0,7670589.0
2011,20.14,42809185.0,54912134.0
2011,20.15,7726065.0,10151083.0
2011,20.16,2029506.0,2463962.0
2011,20.17,382010.0,436486.0
2011,20.2,152405.0,226935.0
2011,20.3,421278.0,655995.0
2011,20.41,146721.0,180320.0
2011,20.42,125020.0,125416.0
2011,20.51,42094.0,57505.0
2011,20.52,122489.0,132895.0
2011,20.53,6373.0,4567.0
2011,20.59,1024715.0,1449523.0
2011,20.6,703885.0,907281.0
2011,21.1,818688.0,1373814.0
2011,21.2,856507.0,1142545.0
2011,22.11,1219084.0,1532906.0
2011,22.19,112543.0,152057.0
2011,22.21,220666.0,265905.0
2011,22.22,49760.0,61346.0
2011,22.23,17554.0,15107.0
2011,22.29,54812.0,56379.0
2011,23.11,6426384.0,8495763.0
2011,23.12,12347.0,11135.0
2011,23.13,10469466.0,12504771.0
2011,23.14,1190990.0,1794464.0
2011,23.19,763273.0,1030511.0
2011,23.2,1245917.0,1822855.0
2011,23.31,2252823.0,3272834.0
2011,23.32,7022563.0,15163031.0
2011,23.4,140.0,11506.0
2011,23.41,40452.0,181616.0
2011,23.42,96702.0,151310.0
2011,23.43,6010.0,24164.0
2011,23.44,3453.0,9860.0
2011,23.49,36231.0,72857.0
2011,23.51,123928165.0,177429573.0
2011,23.52,25049939.0,37204054.0
2011,23.61,21448.0,40078.0
2011,23.62,218617.0,227532.0
2011,23.63,3.0,27826.0
2011,23.64,19675.0,32194.0
2011,23.65,40707.0,63224.0
2011,23.91,2594.0,4900.0
2011,23.99,1721130.0,2664216.0
2011,24.1,113224894.0,230705052.0
2011,24.2,886250.0,1023290.0
2011,24.31,41846.0,44424.0
2011,24.34,250.0,7480.0
2011,24.42,1956247.0,2804246.0
2011,24.43,259718.0,350327.0
2011,24.44,157579.0,164118.0
2011,24.45,78027.0,148970.0
2011,24.46,531855.0,588745.0
2011,24.51,1339757.0,1535825.0
2011,24.52,1672.0,6144.0
2011,24.53,51946.0,52956.0
2011,25.21,3647.0,0.0
2011,25.3,4770.0,6013.0
2011,25.4,139156.0,172667.0
2011,25.5,0.0,0.0
2011,25.61,68182.0,218165.0
2011,25.73,10323.0,17709.0
2011,25.92,10760.0,10868.0
2011,25.93,11747.0,14394.0
2011,25.99,16921.0,45175.0
2011,26.11,173405.0,213479.0
2011,26.2,3330.0,4049.0
2011,27.11,2439.0,4050.0
2011,27.12,7745.0,13565.0
2011,27.32,23330.0,30222.0
2011,27.4,39846.0,37569.0
2011,27.51,44300.0,65819.0
2011,27.9,1637.0,1148.0
2011,28.11,74655.0,94745.0
2011,28.12,350.0,2382.0
2011,28.13,8703.0,11477.0
2011,28.14,20765.0,24865.0
2011,28.15,175229.0,290875.0
2011,28.21,13935.0,13191.0
2011,28.22,12326.0,37210.0
2011,28.29,14.0,31394.0
2011,28.3,17040.0,35846.0
2011,28.91,0.0,18507.0
2011,28.92,50428.0,86670.0
2011,28.94,0.0,0.0
2011,28.95,6261.0,5665.0
2011,28.99,0.0,0.0
2011,29.1,1367379.0,2344166.0
2011,29.2,19119.0,36842.0
2011,29.32,125649.0,184057.0
2011,30.11,154291.0,273431.0
2011,30.2,81470.0,127116.0
2011,30.3,734045.0,1160629.0
2011,30.4,3489.0,8827.0
2011,30.91,21130.0,35376.0
2011,31.02,440.0,1071.0
2011,31.09,7617.0,27139.0
2011,32.2,0.0,3601.0
2011,32.3,7691.0,8865.0
2011,33.16,22409.0,30406.0
2011,33.17,16287.0,18744.0
2011,33.2,3529.0,0.0
2011,35.0,31000318.0,35224639.0
2011,35.1,85216955.0,89201347.0
2011,35.11,635711249.0,849722760.0
2011,35.13,9293.0,3261.0
2011,35.14,271831.0,445826.0
2011,35.2,189920.0,191285.0
2011,35.21,504793.0,1151038.0
2011,35.22,2665833.0,3882455.0
2011,35.23,34958.0,36187.0
2011,35.3,139461897.0,169836006.0
2011,36.0,2649.0,5525.0
2011,37.0,21670.0,111564.0
2011,38.21,248863.0,254951.0
2011,38.32,64327.0,185413.0
2011,42.11,14602.0,19592.0
2011,43.22,4765.0,3569.0
2011,43.99,17046.0,47160.0
2011,46.21,16921.0,14793.0
2011,46.46,9365.0,13011.0
2011,47.29,0.0,0.0
2011,49.1,12862.0,9900.0
2011,49.5,2863922.0,4471453.0
2011,51.0,0.0,0.0
2011,51.1,147505.0,185811.0
2011,52.1,227184.0,333849.0
2011,52.22,88930.0,0.0
2011,52.23,269158.0,377316.0
2011,52.24,43288.0,64465.0
2011,53.1,2688.0,7481.0
2011,56.1,8472.0,6742.0
2011,58.14,42553.0,71879.0
2011,58.19,24778.0,81085.0
2011,60.2,0.0,1724.0
2011,61.1,2172.0,2736.0
2011,63.11,11672.0,19546.0
2011,64.1,0.0,0.0
2011,64.11,2593.0,5524.0
2011,68.2,14398.0,71393.0
2011,68.32,97084.0,122054.0
2011,70.22,655.0,2033.0
2011,71.11,4475.0,0.0
2011,71.12,11718.0,13557.0
2011,71.2,2682.0,1119.0
2011,72.19,140939.0,197477.0
2011,72.2,9598.0,7403.0
2011,75.0,9298.0,13970.0
2011,82.3,6436.0,4646.0
2011,82.99,375672.0,373114.0
2011,84.11,2479.0,2862.0
2011,84.12,6242.0,8645.0
2011,84.22,163009.0,183322.0
2011,85.32,0.0,0.0
2011,85.42,210564.0,205194.0
2011,86.1,1229212.0,1428359.0
2012,1.13,1608214.0,1938869.0
2012,1.19,113974.0,174275.0
2012,1.21,38206.0,84174.0
2012,1.22,48658.0,9237.0
2012,1.3,52770.0,71595.0
2012,1.62,0.0,18460.0
2012,1.63,1282.0,1607.0
2012,5.1,37382.0,44919.0
2012,6.1,21151196.0,23945874.0
2012,6.2,2215106.0,2300346.0
2012,7.1,2900925.0,3090476.0
2012,7.21,48668.0,60253.0
2012,8.11,336105.0,472340.0
2012,8.12,115872.0,197019.0
2012,8.91,44418.0,129931.0
2012,8.92,7465.0,51381.0
2012,8.93,496348.0,667076.0
2012,8.99,576512.0,728626.0
2012,9.1,100235.0,120042.0
2012,10.11,364194.0,430604.0
2012,10.12,43548.0,54737.0
2012,10.13,203134.0,255433.0
2012,10.2,269590.0,355482.0
2012,10.3,6596.0,8405.0
2012,10.31,828608.0,915424.0
2012,10.32,365380.0,462333.0
2012,10.39,798416.0,923929.0
2012,10.41,2102387.0,2838246.0
2012,10.42,33528.0,43047.0
2012,10.51,2751987.0,3227937.0
2012,10.52,11462.0,7755.0
2012,10.61,195537.0,268160.0
2012,10.62,3794412.0,5187601.0
2012,10.71,7561.0,8063.0
2012,10.72,50197.0,86373.0
2012,10.73,52292.0,133183.0
2012,10.8,0.0,0.0
2012,10.81,6578731.0,8654518.0
2012,10.82,124513.0,169842.0
2012,10.83,320263.0,427480.0
2012,10.84,29996.0,42790.0
2012,10.85,148650.0,184514.0
2012,10.86,157969.0,197734.0
2012,10.89,637344.0,788960.0
2012,10.91,152585.0,200902.0
2012,10.92,134806.0,125568.0
2012,11.01,450634.0,552230.0
2012,11.02,1538.0,7457.0
2012,11.03,23163.0,60026.0
2012,11.05,1053834.0,1504400.0
2012,11.06,214291.0,340918.0
2012,11.07,106174.0,173901.0
2012,12.0,86369.0,124742.0
2012,13.1,56937.0,107044.0
2012,13.2,80880.0,128303.0
2012,13.3,422688.0,761557.0
2012,13.91,19823.0,34522.0
2012,13.92,3541.0,5033.0
2012,13.93,38633.0,82170.0
2012,13.95,60765.0,112658.0
2012,13.96,3931.0,12975.0
2012,13.99,28155.0,54199.0
2012,14.13,10.0,25435.0
2012,14.14,4179.0,5990.0
2012,14.19,2945.0,13565.0
2012,15.11,9259.0,17994.0
2012,16.1,14888.0,361375.0
2012,16.21,2006269.0,3800406.0
2012,16.22,600.0,136253.0
2012,16.23,8895.0,11384.0
2012,16.29,41205.0,94462.0
2012,17.11,2696338.0,4160949.0
2012,17.12,23963006.0,34816301.0
2012,17.21,581809.0,847576.0
2012,17.22,527916.0,733011.0
2012,17.23,38429.0,68473.0
2012,17.24,8231.0,18399.0
2012,17.29,107226.0,128478.0
2012,18.11,28278.0,41503.0
2012,18.12,58016.0,104770.0
2012,18.2,3410.0,2873.0
2012,19.1,4129988.0,6287150.0
2012,19.2,112383125.0,153006876.0
2012,20.11,1551930.0,2010488.0
2012,20.12,474033.0,668731.0
2012,20.13,6239199.0,7726971.0
2012,20.14,36618338.0,55228788.0
2012,20.15,7996854.0,10428897.0
2012,20.16,1882986.0,2336189.0
2012,20.17,370958.0,436485.0
2012,20.2,155337.0,226935.0
2012,20.3,419061.0,655995.0
2012,20.41,166481.0,240949.0
2012,20.42,111608.0,125416.0
2012,20.51,37589.0,57505.0
2012,20.52,98909.0,132895.0
2012,20.53,6911.0,4567.0
2012,20.59,1012961.0,1440401.0
2012,20.6,694720.0,922125.0
2012,21.1,786316.0,1381024.0
2012,21.2,777930.0,1130117.0
2012,22.11,1118695.0,1508125.0
2012,22.19,104225.0,124471.0
2012,22.21,226604.0,266062.0
2012,22.22,44743.0,61346.0
2012,22.23,16182.0,15107.0
2012,22.29,52449.0,56379.0
2012,23.11,6657111.0,8386804.0
2012,23.12,12942.0,11135.0
2012,23.13,10609362.0,12571511.0
2012,23.14,1224145.0,1823652.0
2012,23.19,743662.0,1082998.0
2012,23.2,1278166.0,1827093.0
2012,23.31,2389440.0,3312119.0
2012,23.32,7032640.0,14863295.0
2012,23.4,78.0,11506.0
2012,23.41,24149.0,104707.0
2012,23.42,97183.0,112812.0
2012,23.43,7119.0,24164.0
2012,23.44,3772.0,9860.0
2012,23.49,42644.0,73282.0
2012,23.51,116785844.0,178920716.0
2012,23.52,25245341.0,37790441.0
2012,23.61,21140.0,62324.0
2012,23.62,184629.0,227532.0
2012,23.63,0.0,0.0
2012,23.64,20763.0,32194.0
2012,23.65,43722.0,63225.0
2012,23.91,2578.0,4899.0
2012,23.99,1895280.0,2978181.0
2012,24.1,78060454.0,231011211.0
2012,24.2,884191.0,1023784.0
2012,24.31,36884.0,44422.0
2012,24.34,0.0,0.0
2012,24.42,1971884.0,2950470.0
2012,24.43,263863.0,351300.0
2012,24.44,132072.0,165564.0
2012,24.45,74366.0,148971.0
2012,24.46,413235.0,588745.0
2012,24.51,923116.0,1536068.0
2012,24.52,759.0,6144.0
2012,24.53,57751.0,77496.0
2012,24.54,35209.0,38101.0
2012,25.3,4319.0,6013.0
2012,25.4,129274.0,157704.0
2012,25.5,0.0,0.0
2012,25.61,41009.0,35267.0
2012,25.62,16629.0,29025.0
2012,25.73,9335.0,17709.0
2012,25.92,11386.0,10868.0
2012,25.93,10260.0,14394.0
2012,25.99,23409.0,46351.0
2012,26.11,149250.0,199542.0
2012,26.2,3399.0,4049.0
2012,27.11,1193.0,0.0
2012,27.12,2859.0,13564.0
2012,27.32,18811.0,30222.0
2012,27.4,45710.0,37569.0
2012,27.51,35649.0,65819.0
2012,27.9,3577.0,1148.0
2012,28.11,70480.0,94744.0
2012,28.12,202.0,2483.0
2012,28.13,7295.0,11477.0
2012,28.14,18982.0,24865.0
2012,28.15,138959.0,290874.0
2012,28.21,6393.0,0.0
2012,28.22,14613.0,37210.0
2012,28.29,0.0,31394.0
2012,28.3,13893.0,35846.0
2012,28.91,14145.0,18507.0
2012,28.92,44044.0,86670.0
2012,28.95,4951.0,5665.0
2012,29.1,1123177.0,2339647.0
2012,29.2,7950.0,11266.0
2012,29.32,102892.0,182835.0
2012,30.11,174696.0,273431.0
2012,30.2,52317.0,127514.0
2012,30.3,712476.0,1139520.0
2012,30.4,3440.0,9841.0
2012,30.91,19181.0,35376.0
2012,31.02,350.0,1071.0
2012,31.03,0.0,0.0
2012,31.09,6028.0,27139.0
2012,32.2,0.0,0.0
2012,32.3,6672.0,8865.0
2012,32.5,56970.0,52152.0
2012,33.16,18536.0,30406.0
2012,33.17,15901.0,18744.0
2012,35.0,23906810.0,33882873.0
2012,35.1,80457498.0,89696861.0
2012,35.11,478122467.0,879309928.0
2012,35.13,932.0,3261.0
2012,35.14,262199.0,445825.0
2012,35.2,185589.0,199437.0
2012,35.21,991082.0,861101.0
2012,35.22,2402352.0,3813503.0
2012,35.23,46000.0,38187.0
2012,35.3,119054784.0,172043499.0
2012,36.0,2035.0,5525.0
2012,37.0,25960.0,199483.0
2012,38.21,275337.0,307649.0
2012,38.32,104778.0,185413.0
2012,42.11,13633.0,19592.0
2012,43.22,1764.0,3569.0
2012,43.99,17921.0,47160.0
2012,46.21,15319.0,14793.0
2012,46.46,9109.0,13011.0
2012,47.29,0.0,0.0
2012,49.1,8930.0,9900.0
2012,49.5,2573239.0,4534660.0
2012,51.0,0.0,173816340.0
2012,51.1,108132.0,175071.0
2012,52.1,240372.0,355240.0
2012,52.22,81791.0,0.0
2012,52.23,242808.0,377434.0
2012,52.24,36533.0,73088.0
2012,53.1,3056.0,7481.0
2012,56.1,8957.0,6742.0
2012,58.14,40329.0,71879.0
2012,58.19,25753.0,81085.0
2012,60.2,621.0,4443.0
2012,61.1,1815.0,2736.0
2012,63.11,10372.0,172943.0
2012,64.1,0.0,0.0
2012,64.11,2358.0,5524.0
2012,68.2,10812.0,71393.0
2012,68.32,84453.0,122249.0
2012,70.22,339.0,2033.0
2012,71.11,0.0,0.0
2012,71.12,10135.0,13557.0
2012,71.2,9823.0,1121.0
2012,72.19,117122.0,179846.0
2012,72.2,8272.0,7403.0
2012,75.0,8479.0,13970.0
2012,82.3,4214.0,4646.0
2012,82.99,351640.0,373114.0
2012,84.11,2120.0,2862.0
2012,84.12,5232.0,8645.0
2012,84.22,143117.0,170525.0
2012,85.32,0.0,0.0
2012,85.41,36552.0,37129.0
2012,85.42,181183.0,205199.0
2012,86.1,1086701.0,1465204.0
2013,1.13,1245448.0,539840.0
2013,1.19,75145.0,40947.0
2013,1.21,38076.0,28091.0
2013,1.22,2391.0,0.0
2013,1.3,47346.0,22677.0
2013,1.61,2017.0,3707.0
2013,1.63,776.0,29505.0
2013,1.64,3053.0,3231.0
2013,6.1,18595512.0,18395286.0
2013,6.2,2445521.0,3498939.0
2013,7.1,2501394.0,2153925.0
2013,8.11,351696.0,353983.0
2013,8.12,103001.0,163031.0
2013,8.93,377240.0,708033.0
2013,8.99,553559.0,1397208.0
2013,10.11,364309.0,257413.0
2013,10.13,196557.0,171411.0
2013,10.2,240485.0,207426.0
2013,10.31,833639.0,747625.0
2013,10.32,327156.0,200200.0
2013,10.39,767059.0,713828.0
2013,10.41,2050267.0,1706126.0
2013,10.42,7988.0,18451.0
2013,10.51,2650207.0,2119539.0
2013,10.61,196422.0,144992.0
2013,10.62,3932015.0,3471829.0
2013,10.72,50301.0,61583.0
2013,10.81,6216015.0,5886287.0
2013,10.82,126551.0,80022.0
2013,10.83,408480.0,349087.0
2013,10.85,142675.0,97256.0
2013,10.86,162782.0,128718.0
2013,10.89,656501.0,440498.0
2013,10.91,128394.0,525345.0
2013,10.92,124759.0,105588.0
2013,11.01,468274.0,462563.0
2013,11.03,20800.0,3712.0
2013,11.05,994987.0,800018.0
2013,11.06,217257.0,299961.0
2013,11.07,123392.0,48139.0
2013,12.0,89636.0,115569.0
2013,13.1,45891.0,32746.0
2013,13.2,74757.0,87217.0
2013,13.3,350221.0,438286.0
2013,13.92,3425.0,0.0
2013,13.93,37710.0,85138.0
2013,13.95,67576.0,125069.0
2013,13.99,25416.0,15845.0
2013,14.19,2858.0,2486.0
2013,16.1,13173.0,196778.0
2013,16.21,1849320.0,6351332.0
2013,16.29,43467.0,83287.0
2013,17.11,2695766.0,3283006.0
2013,17.12,22636758.0,28159817.0
2013,17.21,544431.0,503670.0
2013,17.22,532918.0,421811.0
2013,17.23,28375.0,16149.0
2013,17.29,102956.0,81665.0
2013,18.11,1.0,18548.0
2013,18.12,56227.0,51078.0
2013,19.1,3573013.0,4825785.0
2013,19.2,100879848.0,112016677.0
2013,20.11,1452139.0,8273883.0
2013,20.12,446867.0,1925907.0
2013,20.13,5869904.0,15010855.0
2013,20.14,30317266.0,57560621.0
2013,20.15,8042109.0,35740801.0
2013,20.16,1883919.0,4256853.0
2013,20.17,358009.0,899254.0
2013,20.2,155805.0,179617.0
2013,20.3,395617.0,467570.0
2013,20.41,161713.0,115046.0
2013,20.42,117757.0,63317.0
2013,20.51,36629.0,23100.0
2013,20.52,92295.0,106202.0
2013,20.59,1051756.0,1343365.0
2013,20.6,717119.0,765492.0
2013,21.1,753461.0,798476.0
2013,21.2,801654.0,722037.0
2013,22.11,1049263.0,1073732.0
2013,22.19,104696.0,61401.0
2013,22.21,248779.0,181821.0
2013,22.23,16206.0,14199.0
2013,22.29,50316.0,62535.0
2013,23.11,6180251.0,5637745.0
2013,23.13,10236618.0,8889636.0
2013,23.14,1106524.0,1031261.0
2013,23.19,726318.0,698668.0
2013,23.2,1136109.0,1486053.0
2013,23.31,2300198.0,6719420.0
2013,23.32,5914860.0,8099985.0
2013,23.4,33.0,16650.0
2013,23.41,9448.0,176465.0
2013,23.42,93303.0,314578.0
2013,23.43,7766.0,7390.0
2013,23.44,2361.0,71167.0
2013,23.49,43962.0,25690.0
2013,23.51,97546288.0,140369930.0
2013,23.52,23299311.0,26991201.0
2013,23.61,21439.0,24900.0
2013,23.62,211706.0,1030293.0
2013,23.64,20401.0,19792.0
2013,23.99,1821274.0,2494727.0
2013,24.1,48301628.0,191596969.0
2013,24.2,884478.0,1339144.0
2013,24.34,0.0,65326.0
2013,24.42,1999073.0,12081158.0
2013,24.43,246531.0,2135380.0
2013,24.44,138545.0,2340089.0
2013,24.46,431261.0,198797.0
2013,24.51,436719.0,2164113.0
2013,24.52,483.0,575.0
2013,24.53,67371.0,237975.0
2013,24.54,0.0,0.0
2013,25.3,5517.0,5233.0
2013,25.4,119306.0,93886.0
2013,25.5,0.0,427947.0
2013,25.62,15992.0,11408.0
2013,25.99,16471.0,25453.0
2013,26.11,143364.0,112750.0
2013,26.2,2508.0,2595.0
2013,26.3,1048.0,3021.0
2013,27.12,2591.0,0.0
2013,27.4,46617.0,35970.0
2013,27.51,31488.0,96974.0
2013,28.11,63991.0,88642.0
2013,28.13,9156.0,7865.0
2013,28.15,138013.0,147596.0
2013,28.29,0.0,28965.0
2013,28.3,15147.0,13673.0
2013,28.91,12598.0,33592.0
2013,28.92,41199.0,55003.0
2013,29.1,1129687.0,2100386.0
2013,29.32,119122.0,152913.0
2013,30.11,146536.0,74836.0
2013,30.2,43569.0,85360.0
2013,30.3,702692.0,635647.0
2013,31.09,116.0,3561.0
2013,32.5,62133.0,43519.0
2013,33.16,20027.0,34294.0
2013,33.17,15117.0,11772.0
2013,35.0,15654386.0,3212039.0
2013,35.1,73818158.0,31009497.0
2013,35.11,411195848.0,135089473.0
2013,35.14,299636.0,102663.0
2013,35.2,159714.0,154851.0
2013,35.21,919275.0,131209.0
2013,35.22,2232352.0,2064313.0
2013,35.23,29017.0,32465.0
2013,35.3,114268067.0,81661763.0
2013,37.0,37192.0,144315.0
2013,38.11,698.0,0.0
2013,38.21,334726.0,1362145.0
2013,38.3,2343.0,8135.0
2013,38.32,107320.0,122470.0
2013,42.11,9517.0,35908.0
2013,43.22,9653.0,5114.0
2013,46.22,18523.0,14469.0
2013,46.46,9713.0,6343.0
2013,49.5,2180914.0,2597679.0
2013,51.0,76931052.0,32411029.0
2013,52.1,251477.0,247708.0
2013,52.23,233228.0,152517.0
2013,52.24,43711.0,40253.0
2013,58.14,33133.0,15246.0
2013,58.19,24507.0,15126.0
2013,63.11,12988.0,326115.0
2013,64.1,185.0,0.0
2013,64.11,2777.0,752.0
2013,68.32,88675.0,59383.0
2013,72.19,110094.0,71862.0
2013,84.25,3687.0,0.0
2013,85.4,40640.0,22468.0
2013,85.41,39003.0,20886.0
2013,85.42,190522.0,80109.0
2013,86.1,1154409.0,282567.0
2014,1.11,6955.0,4563.0
2014,1.13,902403.0,431533.0
2014,1.19,55779.0,40817.0
2014,1.22,0.0,0.0
2014,1.3,38610.0,14643.0
2014,1.61,4424.0,3317.0
2014,1.63,49806.0,28146.0
2014,1.64,7048.0,2892.0
2014,5.1,48474.0,27274.0
2014,6.1,29668889.0,17988610.0
2014,6.2,3971161.0,3369387.0
2014,8.11,366387.0,347835.0
2014,8.12,179131.0,131698.0
2014,8.93,381889.0,695727.0
2014,8.99,1242611.0,1355285.0
2014,9.1,428754.0,382208.0
2014,10.11,355622.0,238518.0
2014,10.13,198061.0,160019.0
2014,10.2,254065.0,209489.0
2014,10.31,999856.0,876317.0
2014,10.32,318437.0,173642.0
2014,10.39,771606.0,646408.0
2014,10.41,2051374.0,1615245.0
2014,10.51,2975210.0,2119984.0
2014,10.62,3945019.0,3427748.0
2014,10.72,85615.0,55113.0
2014,10.8,4169.0,6675.0
2014,10.81,8022242.0,5782739.0
2014,10.82,104460.0,73509.0
2014,10.83,365196.0,305922.0
2014,10.85,132196.0,89635.0
2014,10.86,158302.0,115192.0
2014,10.89,618091.0,403909.0
2014,10.91,667456.0,474026.0
2014,10.92,126105.0,94492.0
2014,11.01,541646.0,455133.0
2014,11.03,12610.0,3322.0
2014,11.05,853553.0,709898.0
2014,11.06,287620.0,285540.0
2014,11.07,109716.0,43083.0
2014,12.0,100855.0,103428.0
2014,13.1,23495.0,32164.0
2014,13.2,77045.0,86575.0
2014,13.3,382401.0,386576.0
2014,13.93,63826.0,88520.0
2014,13.95,105105.0,122281.0
2014,13.99,24745.0,15579.0
2014,14.19,1590.0,2443.0
2014,16.1,4442.0,199472.0
2014,16.21,2130385.0,6260522.0
2014,16.23,7338.0,10860.0
2014,16.29,49146.0,74534.0
2014,17.11,2227624.0,3166634.0
2014,17.12,22923875.0,27243203.0
2014,17.21,545865.0,495394.0
2014,17.22,481817.0,393236.0
2014,17.23,29004.0,14453.0
2014,17.29,99728.0,67393.0
2014,18.11,10001.0,16599.0
2014,18.12,74403.0,45714.0
2014,19.1,6104512.0,4713377.0
2014,19.2,134429396.0,109805575.0
2014,20.11,8333939.0,8113333.0
2014,20.12,1422650.0,1888741.0
2014,20.13,12331483.0,14619119.0
2014,20.14,52408167.0,56352859.0
2014,20.15,39758831.0,34551764.0
2014,20.16,2913045.0,4171575.0
2014,20.17,420172.0,883633.0
2014,20.2,169554.0,176493.0
2014,20.3,402309.0,460147.0
2014,20.41,173974.0,106660.0
2014,20.42,104931.0,57155.0
2014,20.5,43551.0,30636.0
2014,20.51,36281.0,20524.0
2014,20.59,1377028.0,1340273.0
2014,20.6,582571.0,751441.0
2014,21.1,814758.0,774860.0
2014,21.2,750727.0,725775.0
2014,22.11,1036491.0,1041291.0
2014,22.19,105845.0,54712.0
2014,22.21,248135.0,163289.0
2014,22.22,60916.0,37761.0
2014,22.23,14597.0,13953.0
2014,22.29,76214.0,55963.0
2014,23.11,5701290.0,5252056.0
2014,23.13,10465199.0,8734534.0
2014,23.14,1161068.0,1003933.0
2014,23.19,660542.0,656315.0
2014,23.2,1233104.0,1489496.0
2014,23.31,6548410.0,6556811.0
2014,23.32,6620149.0,7093319.0
2014,23.4,12421.0,16361.0
2014,23.41,179723.0,179485.0
2014,23.42,223506.0,269860.0
2014,23.44,58491.0,69929.0
2014,23.49,54873.0,25244.0
2014,23.51,112086086.0,127346436.0
2014,23.52,26999006.0,26526026.0
2014,23.61,18072.0,23362.0
2014,23.62,1117108.0,1255287.0
2014,23.63,0.0,0.0
2014,23.9,7341.0,5168.0
2014,23.99,2680038.0,2393103.0
2014,24.1,148977123.0,186884373.0
2014,24.2,1481858.0,1321647.0
2014,24.32,51451.0,29352.0
2014,24.33,30039.0,16570.0
2014,24.42,13295649.0,11715369.0
2014,24.43,1819877.0,2103903.0
2014,24.44,1539203.0,2298149.0
2014,24.46,536541.0,195341.0
2014,24.51,2139774.0,2400131.0
2014,24.52,1077.0,253.0
2014,24.53,266345.0,234058.0
2014,24.54,0.0,0.0
2014,25.29,0.0,261.0
2014,25.3,5631.0,4986.0
2014,25.4,101562.0,84258.0
2014,25.5,565014.0,430828.0
2014,25.61,166645.0,157691.0
2014,25.62,13327.0,10210.0
2014,25.99,12894.0,18904.0
2014,26.11,134135.0,92517.0
2014,26.2,2699.0,2550.0
2014,26.3,1002.0,1485.0
2014,27.32,21266.0,15286.0
2014,27.4,48300.0,35344.0
2014,27.51,88092.0,97079.0
2014,27.9,97482.0,94261.0
2014,28.11,124172.0,83815.0
2014,28.15,134599.0,142202.0
2014,28.29,45880.0,28462.0
2014,28.3,11081.0,13435.0
2014,28.92,35047.0,45727.0
2014,28.94,18611.0,11928.0
2014,29.1,2132981.0,1577948.0
2014,29.32,194354.0,123683.0
2014,30.11,128496.0,63155.0
2014,30.2,113353.0,67023.0
2014,30.3,754709.0,615919.0
2014,31.02,1515.0,6454.0
2014,31.09,1.0,3187.0
2014,32.5,61757.0,52577.0
2014,33.12,2732.0,2040.0
2014,33.16,48858.0,32186.0
2014,33.17,13724.0,7560.0
2014,35.0,33382238.0,2686665.0
2014,35.1,83088819.0,27649511.0
2014,35.11,937685158.0,107898492.0
2014,35.2,218174.0,191473.0
2014,35.21,977064.0,130294.0
2014,35.22,2353419.0,1823717.0
2014,35.23,43738.0,28222.0
2014,35.3,134634367.0,69996425.0
2014,37.0,102466.0,131707.0
2014,38.11,259.0,0.0
2014,38.21,1645777.0,1237690.0
2014,38.22,0.0,0.0
2014,38.3,8856.0,7993.0
2014,38.32,103485.0,109602.0
2014,41.1,183.0,0.0
2014,42.11,40721.0,30370.0
2014,43.22,2206.0,4225.0
2014,46.21,84945.0,92224.0
2014,46.22,19666.0,12949.0
2014,46.46,10279.0,5850.0
2014,46.73,7989.0,5140.0
2014,47.29,0.0,0.0
2014,49.5,3021143.0,2052070.0
2014,51.0,85599.0,32245756.0
2014,51.1,79172.0,65137.0
2014,52.1,475949.0,217830.0
2014,52.23,230661.0,132615.0
2014,58.14,28310.0,13644.0
2014,61.9,821.0,0.0
2014,63.11,20593.0,330956.0
2014,64.1,699.0,0.0
2014,64.11,1599.0,673.0
2014,68.32,68862.0,48650.0
2014,71.11,0.0,0.0
2014,71.2,12151.0,3685.0
2014,72.19,97966.0,64325.0
2014,82.99,337245.0,9597.0
2014,84.25,0.0,0.0
2014,85.32,0.0,0.0
2014,85.4,37285.0,20107.0
2014,85.41,43715.0,18692.0
2014,85.42,134637.0,71692.0
2014,86.1,403800.0,235684.0
2015,1.11,5152.0,4042.0
2015,1.13,716567.0,371197.0
2015,1.19,45225.0,31601.0
2015,1.3,25490.0,7438.0
2015,1.61,7937.0,2939.0
2015,1.63,44882.0,26809.0
2015,1.64,5025.0,2562.0
2015,5.1,50032.0,26776.0
2015,6.1,29687727.0,17178235.0
2015,6.2,4036119.0,3292089.0
2015,8.11,344011.0,337228.0
2015,8.12,187896.0,138082.0
2015,8.93,385948.0,683333.0
2015,8.99,1270274.0,1359998.0
2015,9.1,434416.0,357389.0
2015,10.11,366729.0,205982.0
2015,10.13,196552.0,150176.0
2015,10.2,289572.0,194728.0
2015,10.31,1017750.0,869876.0
2015,10.32,247981.0,155634.0
2015,10.39,829629.0,641884.0
2015,10.41,2073185.0,1666886.0
2015,10.51,2974082.0,2023077.0
2015,10.61,196173.0,130433.0
2015,10.62,3793890.0,3360801.0
2015,10.72,83541.0,48819.0
2015,10.8,12712.0,5708.0
2015,10.81,8482845.0,5625669.0
2015,10.82,106612.0,65961.0
2015,10.83,352698.0,237354.0
2015,10.85,138003.0,82199.0
2015,10.86,159270.0,146873.0
2015,10.89,599041.0,411319.0
2015,10.91,669875.0,429490.0
2015,10.92,126358.0,83697.0
2015,11.01,551320.0,438034.0
2015,11.03,10839.0,2943.0
2015,11.05,807545.0,611408.0
2015,11.06,294719.0,254722.0
2015,11.07,100765.0,33418.0
2015,12.0,85165.0,91608.0
2015,13.1,19956.0,33723.0
2015,13.2,67305.0,85031.0
2015,13.3,410218.0,348124.0
2015,13.93,70923.0,88751.0
2015,13.95,94955.0,119485.0
2015,13.99,23669.0,12448.0
2015,14.19,1305.0,2399.0
2015,16.1,7697.0,161028.0
2015,16.21,1854199.0,4139809.0
2015,16.23,6279.0,9621.0
2015,17.11,1962819.0,3068188.0
2015,17.12,22070188.0,26394237.0
2015,17.21,511266.0,481638.0
2015,17.22,468696.0,386644.0
2015,17.23,27121.0,12803.0
2015,17.29,108667.0,66768.0
2015,18.11,8466.0,7975.0
2015,18.12,54051.0,31325.0
2015,19.1,5913134.0,4385391.0
2015,19.2,131436692.0,106535298.0
2015,20.11,8272438.0,7780109.0
2015,20.12,1501710.0,1862693.0
2015,20.13,12209991.0,13728840.0
2015,20.14,51646699.0,53064852.0
2015,20.15,38234097.0,33119900.0
2015,20.16,2854225.0,4059297.0
2015,20.17,384222.0,801440.0
2015,20.2,162537.0,159761.0
2015,20.3,401442.0,450874.0
2015,20.41,165199.0,87356.0
2015,20.42,95682.0,55925.0
2015,20.5,42824.0,27137.0
2015,20.51,34058.0,18044.0
2015,20.59,1292352.0,1315190.0
2015,20.6,556940.0,648091.0
2015,21.1,773801.0,748036.0
2015,21.2,735744.0,666793.0
2015,22.11,988227.0,985923.0
2015,22.19,96202.0,69655.0
2015,22.21,239971.0,145257.0
2015,22.22,58034.0,33446.0
2015,22.23,12967.0,9005.0
2015,22.29,78976.0,42729.0
2015,23.11,5774026.0,5154742.0
2015,23.13,10359336.0,8567338.0
2015,23.14,1154373.0,988786.0
2015,23.19,646909.0,631957.0
2015,23.2,1250577.0,1477730.0
2015,23.31,6702527.0,6481853.0
2015,23.32,6396110.0,6821142.0
2015,23.4,12433.0,16069.0
2015,23.41,168697.0,150035.0
2015,23.42,221815.0,244881.0
2015,23.44,61974.0,68680.0
2015,23.49,43037.0,16188.0
2015,23.51,117104328.0,126357518.0
2015,23.52,26786510.0,25794438.0
2015,23.61,19396.0,23316.0
2015,23.62,1162239.0,1231567.0
2015,23.9,7656.0,3157.0
2015,23.99,2706403.0,2281292.0
2015,24.1,149428503.0,182042212.0
2015,24.2,1482521.0,1316002.0
2015,24.32,64381.0,26063.0
2015,24.33,35234.0,14675.0
2015,24.42,13119435.0,11294621.0
2015,24.43,1855316.0,2092160.0
2015,24.44,1603397.0,2242166.0
2015,24.46,482232.0,191871.0
2015,24.51,2208006.0,2283747.0
2015,24.52,632.0,127.0
2015,24.53,271378.0,231238.0
2015,25.2,20431.0,9596.0
2015,25.29,522.0,230.0
2015,25.3,3553.0,3335.0
2015,25.4,88734.0,85583.0
2015,25.5,592544.0,459660.0
2015,25.61,173699.0,152840.0
2015,25.62,12701.0,9043.0
2015,25.99,13198.0,18280.0
2015,26.11,112435.0,76235.0
2015,26.2,2667.0,0.0
2015,26.3,948.0,1458.0
2015,27.32,17276.0,14298.0
2015,27.4,47800.0,34712.0
2015,27.51,74517.0,77212.0
2015,27.9,105787.0,92575.0
2015,28.11,113215.0,77155.0
2015,28.15,124802.0,136895.0
2015,28.3,9482.0,13195.0
2015,28.91,32330.0,39915.0
2015,28.92,21513.0,41486.0
2015,28.94,16643.0,11715.0
2015,29.1,1866980.0,2032902.0
2015,29.32,176362.0,43188.0
2015,30.11,95027.0,58214.0
2015,30.2,98342.0,56028.0
2015,30.3,671895.0,601731.0
2015,31.02,967.0,5715.0
2015,31.09,0.0,4295.0
2015,32.5,99462.0,52080.0
2015,33.12,2981.0,1317.0
2015,33.16,43192.0,24406.0
2015,33.17,7676.0,6331.0
2015,35.0,32754268.0,2289809.0
2015,35.1,78427421.0,24296237.0
2015,35.11,868850318.0,84137628.0
2015,35.2,242561.0,166401.0
2015,35.21,847935.0,95545.0
2015,35.22,1931059.0,1467865.0
2015,35.23,30338.0,25733.0
2015,35.3,121053674.0,59674603.0
2015,37.0,80852.0,121195.0
2015,38.11,357.0,0.0
2015,38.21,1574649.0,1101874.0
2015,38.3,10098.0,0.0
2015,38.32,147109.0,146942.0
2015,41.1,616.0,0.0
2015,42.11,52792.0,26830.0
2015,43.22,1162.0,858.0
2015,46.21,210462.0,84551.0
2015,46.22,14627.0,11468.0
2015,46.46,8797.0,5368.0
2015,46.73,4457.0,3201.0
2015,49.5,2487268.0,1489271.0
2015,51.0,99074122.0,31992484.0
2015,52.1,544367.0,169766.0
2015,52.23,203457.0,112977.0
2015,58.14,28104.0,12085.0
2015,61.9,437.0,0.0
2015,63.11,55670.0,299670.0
2015,63.91,365.0,0.0
2015,64.1,1051.0,0.0
2015,68.32,62138.0,31712.0
2015,71.2,9587.0,3264.0
2015,72.19,81326.0,50207.0
2015,82.99,316079.0,5404.0
2015,85.4,31113.0,17813.0
2015,85.41,38344.0,16556.0
2015,85.42,130117.0,58666.0
2015,86.1,381337.0,210403.0
2016,1.11,9321.0,3536.0
2016,1.13,677895.0,255729.0
2016,1.19,44916.0,30895.0
2016,1.61,3536.0,2570.0
2016,1.63,34062.0,25498.0
2016,1.64,2381.0,2242.0
2016,5.1,52450.0,26272.0
2016,6.1,31080760.0,17295186.0
2016,6.2,3916521.0,3352392.0
2016,8.11,336311.0,330128.0
2016,8.12,197839.0,124398.0
2016,8.93,401267.0,670859.0
2016,8.99,1206810.0,1349332.0
2016,9.1,399512.0,342524.0
2016,10.11,332768.0,175001.0
2016,10.13,206101.0,138397.0
2016,10.2,352027.0,186456.0
2016,10.31,1054388.0,855273.0
2016,10.32,269149.0,134440.0
2016,10.39,875219.0,601415.0
2016,10.41,2113458.0,1604000.0
2016,10.51,3126079.0,1934098.0
2016,10.61,199265.0,133726.0
2016,10.62,3814030.0,3304509.0
2016,10.72,83988.0,42718.0
2016,10.8,16488.0,4995.0
2016,10.81,7653058.0,5424098.0
2016,10.82,118461.0,59937.0
2016,10.83,314086.0,208997.0
2016,10.84,28349.0,20614.0
2016,10.85,127633.0,74967.0
2016,10.86,159965.0,141183.0
2016,10.89,603479.0,377209.0
2016,10.91,539901.0,381833.0
2016,10.92,122673.0,72495.0
2016,11.01,533785.0,438619.0
2016,11.05,798328.0,530203.0
2016,11.06,257380.0,250044.0
2016,11.07,100361.0,24943.0
2016,12.0,71265.0,62176.0
2016,13.1,23213.0,37311.0
2016,13.2,65817.0,69761.0
2016,13.3,341989.0,334824.0
2016,13.93,75778.0,85158.0
2016,13.95,88028.0,116696.0
2016,13.99,23011.0,12221.0
2016,14.19,1625.0,2355.0
2016,16.1,4517.0,150794.0
2016,16.21,1852830.0,3646253.0
2016,16.23,7136.0,8421.0
2016,17.11,1838901.0,2918128.0
2016,17.12,22218639.0,25556822.0
2016,17.21,515233.0,478868.0
2016,17.22,490172.0,394717.0
2016,17.23,25311.0,11204.0
2016,17.29,88051.0,79108.0
2016,18.11,0.0,0.0
2016,18.12,50776.0,27408.0
2016,19.1,5597440.0,4303581.0
2016,19.2,134124644.0,104411489.0
2016,20.11,8291899.0,7841932.0
2016,20.12,1438361.0,1803280.0
2016,20.13,12126821.0,13550248.0
2016,20.14,51076640.0,51303155.0
2016,20.15,36701278.0,31912189.0
2016,20.16,2900668.0,4017211.0
2016,20.17,317190.0,786692.0
2016,20.2,149949.0,154088.0
2016,20.3,393189.0,445418.0
2016,20.41,138978.0,64106.0
2016,20.42,98363.0,54693.0
2016,20.5,41408.0,23743.0
2016,20.51,30646.0,8147.0
2016,20.59,1244859.0,1276296.0
2016,20.6,525238.0,612763.0
2016,21.1,812951.0,750904.0
2016,21.2,757542.0,650078.0
2016,22.11,989353.0,945385.0
2016,22.19,100608.0,67790.0
2016,22.21,251937.0,127770.0
2016,22.22,57477.0,29266.0
2016,22.23,13055.0,7878.0
2016,22.29,68236.0,37385.0
2016,23.11,5744890.0,5049130.0
2016,23.13,10406176.0,8438783.0
2016,23.14,1176937.0,969734.0
2016,23.19,643365.0,615880.0
2016,23.2,1154996.0,1416835.0
2016,23.31,6788512.0,6471664.0
2016,23.32,6403108.0,6706210.0
2016,23.4,12214.0,15773.0
2016,23.41,172554.0,146150.0
2016,23.42,228787.0,230604.0
2016,23.44,60501.0,67415.0
2016,23.49,21865.0,15891.0
2016,23.51,114805273.0,126269932.0
2016,23.52,26339415.0,25386674.0
2016,23.61,18473.0,17986.0
2016,23.62,1107076.0,1186648.0
2016,23.63,0.0,0.0
2016,23.9,5204.0,2762.0
2016,23.99,2643708.0,2193283.0
2016,24.1,143748060.0,177174746.0
2016,24.2,1191233.0,1116599.0
2016,24.32,73989.0,22874.0
2016,24.33,37372.0,12840.0
2016,24.42,13234504.0,11269944.0
2016,24.43,1858556.0,2077872.0
2016,24.44,1601523.0,2292786.0
2016,24.46,530858.0,188395.0
2016,24.51,2065297.0,2212995.0
2016,24.52,502.0,125.0
2016,24.53,293047.0,236420.0
2016,25.2,11086.0,8395.0
2016,25.29,295.0,202.0
2016,25.3,2713.0,3273.0
2016,25.4,84577.0,83165.0
2016,25.5,610360.0,413425.0
2016,25.61,178162.0,148572.0
2016,25.62,8911.0,7912.0
2016,25.99,22081.0,23831.0
2016,26.11,124614.0,74832.0
2016,26.3,3.0,0.0
2016,27.32,17806.0,7808.0
2016,27.4,37060.0,34073.0
2016,27.51,70130.0,75282.0
2016,27.9,88166.0,90871.0
2016,28.11,105996.0,73223.0
2016,28.15,124481.0,131681.0
2016,28.3,11255.0,12953.0
2016,28.91,32603.0,39182.0
2016,28.92,22398.0,40722.0
2016,28.94,18294.0,11499.0
2016,29.1,1964620.0,2088647.0
2016,29.32,187629.0,95258.0
2016,30.11,77064.0,58194.0
2016,30.2,92381.0,51941.0
2016,30.3,726999.0,579754.0
2016,31.02,941.0,0.0
2016,31.09,0.0,0.0
2016,32.5,104565.0,51125.0
2016,33.12,1639.0,1153.0
2016,33.16,44518.0,21874.0
2016,33.17,8395.0,4677.0
2016,35.0,32670242.0,1952249.0
2016,35.1,75891356.0,20865698.0
2016,35.11,854767965.0,76217307.0
2016,35.2,245759.0,158169.0
2016,35.21,1014741.0,78288.0
2016,35.22,2050805.0,1368790.0
2016,35.23,39592.0,22514.0
2016,35.3,119448294.0,50794534.0
2016,37.0,79350.0,108006.0
2016,38.11,245.0,0.0
2016,38.21,1734844.0,958657.0
2016,38.3,10425.0,3855.0
2016,38.32,229520.0,119036.0
2016,41.1,1567.0,0.0
2016,42.11,43763.0,20887.0
2016,43.22,962.0,741.0
2016,46.21,94643.0,70853.0
2016,46.22,14732.0,10034.0
2016,46.46,9794.0,4900.0
2016,46.73,2685.0,1490.0
2016,49.5,2527759.0,1309490.0
2016,51.0,52367223.0,31827806.0
2016,52.1,254100.0,124285.0
2016,52.23,226238.0,100736.0
2016,58.14,28515.0,10574.0
2016,61.9,457.0,0.0
2016,63.11,32569.0,315008.0
2016,63.91,814.0,0.0
2016,64.1,1880.0,0.0
2016,64.11,1140.0,522.0
2016,68.32,53379.0,24881.0
2016,71.2,8419.0,2855.0
2016,72.19,89665.0,43925.0
2016,82.99,268713.0,7437.0
2016,85.4,34085.0,15590.0
2016,85.41,40561.0,14485.0
2016,85.42,132552.0,52082.0
2016,86.1,359609.0,174148.0
2017,1.11,6306.0,3047.0
2017,1.13,524040.0,203181.0
2017,1.19,48029.0,24493.0
2017,1.61,3707.0,2215.0
2017,1.63,35609.0,24215.0
2017,1.64,3913.0,1933.0
2017,5.1,55813.0,25763.0
2017,6.1,30575201.0,16207381.0
2017,6.2,3885083.0,3101131.0
2017,8.12,196110.0,118011.0
2017,8.93,414963.0,658302.0
2017,8.99,1232757.0,1323619.0
2017,9.1,327228.0,322487.0
2017,10.11,322960.0,144219.0
2017,10.13,214723.0,126932.0
2017,10.2,317313.0,179199.0
2017,10.31,1071910.0,851233.0
2017,10.32,249601.0,114237.0
2017,10.39,827142.0,554355.0
2017,10.41,2087686.0,1526809.0
2017,10.51,3026832.0,1815945.0
2017,10.62,3907495.0,3273492.0
2017,10.72,87427.0,31152.0
2017,10.8,14671.0,4305.0
2017,10.81,7270634.0,5269917.0
2017,10.82,112470.0,48425.0
2017,10.83,308161.0,181700.0
2017,10.84,31079.0,18177.0
2017,10.85,126445.0,67938.0
2017,10.86,166099.0,137289.0
2017,10.89,576629.0,351383.0
2017,10.91,627953.0,337729.0
2017,10.92,120935.0,63696.0
2017,11.01,533446.0,426271.0
2017,11.05,794364.0,462861.0
2017,11.06,258726.0,253126.0
2017,11.07,95714.0,21490.0
2017,12.0,47105.0,39195.0
2017,13.1,29213.0,34155.0
2017,13.2,57590.0,62905.0
2017,13.3,321252.0,325440.0
2017,13.93,76169.0,83560.0
2017,13.95,89428.0,113899.0
2017,13.99,21191.0,9244.0
2017,14.19,1605.0,2310.0
2017,16.1,4884.0,87103.0
2017,16.21,1905614.0,3101092.0
2017,16.23,6634.0,7259.0
2017,17.11,1857907.0,2843861.0
2017,17.12,21898351.0,24462016.0
2017,17.21,580547.0,467961.0
2017,17.22,499957.0,396351.0
2017,17.23,14929.0,5331.0
2017,17.29,108288.0,61410.0
2017,18.12,52799.0,23612.0
2017,19.1,5777460.0,4227264.0
2017,19.2,133432048.0,102625263.0
2017,20.11,8191124.0,7704854.0
2017,20.12,1507355.0,1767725.0
2017,20.13,12336575.0,13275524.0
2017,20.14,50777513.0,50214378.0
2017,20.15,36131701.0,31001457.0
2017,20.16,2813006.0,3952689.0
2017,20.17,326718.0,771787.0
2017,20.2,129575.0,123493.0
2017,20.3,392589.0,436322.0
2017,20.41,105059.0,59491.0
2017,20.42,98042.0,53457.0
2017,20.5,44353.0,20455.0
2017,20.51,20501.0,9053.0
2017,20.59,1200267.0,1211380.0
2017,20.6,506665.0,585993.0
2017,21.1,841432.0,744085.0
2017,21.2,765251.0,621250.0
2017,22.11,1019641.0,915717.0
2017,22.19,119724.0,65977.0
2017,22.21,251856.0,105966.0
2017,22.22,55315.0,25211.0
2017,22.23,13351.0,6787.0
2017,22.29,70915.0,29730.0
2017,23.11,5855537.0,4942689.0
2017,23.13,10623258.0,8275169.0
2017,23.14,1213912.0,927795.0
2017,23.19,628480.0,597522.0
2017,23.2,1138187.0,1157064.0
2017,23.31,7148253.0,6557589.0
2017,23.32,6446603.0,6455021.0
2017,23.4,12655.0,15474.0
2017,23.41,190670.0,145102.0
2017,23.42,227893.0,226222.0
2017,23.44,51306.0,66139.0
2017,23.49,17188.0,15589.0
2017,23.51,115734815.0,122253151.0
2017,23.52,25847158.0,24579201.0
2017,23.62,1155556.0,1202921.0
2017,23.9,5440.0,2380.0
2017,23.99,2701297.0,1989451.0
2017,24.1,143051397.0,172894184.0
2017,24.2,1216821.0,1145357.0
2017,24.32,61879.0,19784.0
2017,24.33,37131.0,11062.0
2017,24.42,13458508.0,11014107.0
2017,24.43,1847084.0,2039904.0
2017,24.44,1737108.0,2552597.0
2017,24.46,481997.0,184908.0
2017,24.51,1787560.0,1760558.0
2017,24.52,570.0,0.0
2017,24.53,291469.0,226959.0
2017,25.2,10948.0,7233.0
2017,25.29,106.0,173.0
2017,25.3,2353.0,3211.0
2017,25.4,87065.0,82682.0
2017,25.5,572185.0,396581.0
2017,25.61,185649.0,151632.0
2017,25.62,4542.0,1704.0
2017,25.99,22885.0,23380.0
2017,26.11,132006.0,73414.0
2017,27.1,220737.0,201782.0
2017,27.32,12249.0,6973.0
2017,27.4,33825.0,33429.0
2017,27.51,69295.0,73787.0
2017,27.9,103643.0,89150.0
2017,28.11,110511.0,68361.0
2017,28.15,106335.0,90442.0
2017,28.3,11763.0,12706.0
2017,28.92,22569.0,35696.0
2017,28.94,19034.0,11282.0
2017,29.1,1972625.0,1924063.0
2017,29.32,182007.0,86508.0
2017,30.11,52750.0,51208.0
2017,30.2,82746.0,36471.0
2017,30.3,604741.0,558274.0
2017,31.09,0.0,0.0
2017,32.5,108380.0,51111.0
2017,33.12,1748.0,993.0
2017,33.16,45987.0,18846.0
2017,35.0,33611660.0,1651103.0
2017,35.1,76540569.0,18429836.0
2017,35.11,809047261.0,60174148.0
2017,35.2,237157.0,114078.0
2017,35.21,895712.0,73663.0
2017,35.22,1904402.0,1117620.0
2017,35.23,33573.0,19395.0
2017,35.3,122041699.0,44224618.0
2017,37.0,87070.0,93075.0
2017,38.11,763.0,0.0
2017,38.21,1605616.0,840736.0
2017,38.3,11119.0,3785.0
2017,38.32,230815.0,99698.0
2017,41.1,890.0,0.0
2017,42.11,40922.0,16550.0
2017,43.22,2065.0,638.0
2017,46.21,91436.0,62929.0
2017,46.22,15506.0,8644.0
2017,46.46,10820.0,4442.0
2017,46.73,3479.0,2412.0
2017,49.5,2790573.0,1295107.0
2017,51.0,56644272.0,32894110.0
2017,52.1,241458.0,91341.0
2017,52.23,223312.0,90508.0
2017,58.14,30270.0,9110.0
2017,61.9,524.0,0.0
2017,63.11,137264.0,358015.0
2017,63.91,681.0,0.0
2017,64.1,2363.0,0.0
2017,68.32,58736.0,18966.0
2017,71.2,8842.0,2462.0
2017,72.19,90339.0,37844.0
2017,82.99,300106.0,6407.0
2017,85.4,35385.0,13439.0
2017,85.41,40638.0,12478.0
2017,85.42,144555.0,41399.0
2017,86.1,370343.0,143527.0
2018,1.11,2825.0,2572.0
2018,1.13,515597.0,156729.0
2018,1.19,43905.0,11943.0
2018,1.61,3375.0,1871.0
2018,1.63,42672.0,22956.0
2018,1.64,4171.0,1633.0
2018,5.1,51248.0,25251.0
2018,6.1,29905222.0,15340642.0
2018,6.2,4012127.0,3107707.0
2018,8.12,192555.0,114099.0
2018,8.93,438948.0,645671.0
2018,8.99,1311916.0,1297677.0
2018,9.1,330346.0,326289.0
2018,10.11,289820.0,120563.0
2018,10.13,211834.0,112732.0
2018,10.2,324682.0,179723.0
2018,10.31,1072125.0,820974.0
2018,10.32,316300.0,94606.0
2018,10.39,842525.0,507875.0
2018,10.41,2066396.0,1478525.0
2018,10.51,2981988.0,1721807.0
2018,10.62,3893634.0,3226050.0
2018,10.72,74462.0,26312.0
2018,10.8,14174.0,3637.0
2018,10.81,7920059.0,5162931.0
2018,10.82,91545.0,41997.0
2018,10.83,293194.0,155864.0
2018,10.84,28822.0,15815.0
2018,10.85,111396.0,58596.0
2018,10.86,170580.0,130260.0
2018,10.89,576728.0,326224.0
2018,10.91,717800.0,297591.0
2018,10.92,118860.0,59193.0
2018,11.01,509906.0,404947.0
2018,11.05,778244.0,388423.0
2018,11.06,273081.0,259319.0
2018,11.07,89619.0,18147.0
2018,12.0,28483.0,33096.0
2018,13.1,25630.0,32432.0
2018,13.2,51489.0,61685.0
2018,13.3,296816.0,313991.0
2018,13.93,73449.0,81945.0
2018,13.95,94356.0,111107.0
2018,13.99,18162.0,9066.0
2018,14.19,1172.0,0.0
2018,16.1,6590.0,70771.0
2018,16.21,2005517.0,2637899.0
2018,16.23,6901.0,6134.0
2018,17.11,1789539.0,2878111.0
2018,17.12,22393525.0,24104924.0
2018,17.21,606590.0,461557.0
2018,17.22,562524.0,391584.0
2018,17.23,6185.0,0.0
2018,17.29,112182.0,49900.0
2018,18.12,51271.0,19938.0
2018,19.1,5881371.0,4197092.0
2018,19.2,132553129.0,101068300.0
2018,20.11,8402373.0,7534212.0
2018,20.12,1466821.0,1394627.0
2018,20.13,12889083.0,12972243.0
2018,20.14,52976524.0,49541088.0
2018,20.15,36638350.0,30148899.0
2018,20.16,2741900.0,3884051.0
2018,20.17,337622.0,756842.0
2018,20.2,134952.0,143040.0
2018,20.3,396397.0,416452.0
2018,20.41,100595.0,54161.0
2018,20.42,79606.0,52218.0
2018,20.5,48398.0,17273.0
2018,20.51,19842.0,7645.0
2018,20.59,1178122.0,1233183.0
2018,20.6,519766.0,564741.0
2018,21.1,831104.0,724133.0
2018,21.2,736901.0,604094.0
2018,22.11,1023847.0,870720.0
2018,22.19,115556.0,64217.0
2018,22.21,242886.0,90310.0
2018,22.22,55819.0,17688.0
2018,22.23,13451.0,5731.0
2018,23.11,5814841.0,4791203.0
2018,23.13,10539403.0,8096840.0
2018,23.14,1250724.0,931862.0
2018,23.19,615141.0,578248.0
2018,23.2,1290807.0,1381441.0
2018,23.31,7476868.0,6546373.0
2018,23.32,6617889.0,6369815.0
2018,23.4,12458.0,15172.0
2018,23.41,181668.0,144026.0
2018,23.42,233976.0,221804.0
2018,23.44,58144.0,64848.0
2018,23.51,118196692.0,119133395.0
2018,23.52,26391864.0,24256944.0
2018,23.62,1218697.0,1178167.0
2018,23.9,7309.0,2009.0
2018,23.99,2915870.0,1981048.0
2018,24.1,141480666.0,165974079.0
2018,24.2,1309145.0,1047093.0
2018,24.32,64131.0,16793.0
2018,24.33,38695.0,9341.0
2018,24.42,13579856.0,10891104.0
2018,24.43,1894789.0,2007381.0
2018,24.44,2106762.0,2516019.0
2018,24.46,446374.0,181409.0
2018,24.51,1883605.0,1721524.0
2018,24.53,280045.0,222179.0
2018,25.2,11804.0,6107.0
2018,25.29,144.0,147.0
2018,25.3,3096.0,3148.0
2018,25.4,86318.0,80790.0
2018,25.5,561706.0,392770.0
2018,25.61,191243.0,156090.0
2018,25.62,4943.0,1439.0
2018,25.99,12877.0,17261.0
2018,26.11,136010.0,71984.0
2018,27.1,213384.0,197612.0
2018,27.32,11828.0,6161.0
2018,27.4,32970.0,32775.0
2018,27.51,68741.0,70921.0
2018,27.9,106432.0,87411.0
2018,28.11,99158.0,63846.0
2018,28.15,95989.0,86114.0
2018,28.3,10535.0,12459.0
2018,28.92,15521.0,35000.0
2018,28.94,21943.0,11061.0
2018,29.1,1914055.0,1879560.0
2018,29.32,184269.0,54582.0
2018,30.11,51893.0,48490.0
2018,30.2,60700.0,28672.0
2018,30.3,534365.0,426698.0
2018,32.5,111758.0,61747.0
2018,33.12,1638.0,839.0
2018,33.16,43717.0,15163.0
2018,35.0,32306360.0,1372074.0
2018,35.1,80497447.0,14859194.0
2018,35.11,799270947.0,54467543.0
2018,35.2,258811.0,104635.0
2018,35.21,777301.0,68085.0
2018,35.22,2270116.0,1067742.0
2018,35.23,40920.0,16379.0
2018,35.3,118972498.0,36351214.0
2018,37.0,81437.0,78630.0
2018,38.11,599.0,0.0
2018,38.21,1691681.0,747759.0
2018,38.22,0.0,0.0
2018,38.3,11644.0,3714.0
2018,38.32,232759.0,84296.0
2018,41.1,234.0,0.0
2018,42.11,49410.0,15286.0
2018,43.22,1285.0,539.0
2018,46.21,85517.0,51900.0
2018,46.22,14136.0,7300.0
2018,46.46,11233.0,4001.0
2018,46.73,3937.0,2037.0
2018,49.5,2957680.0,1103932.0
2018,51.0,57646520.0,32298017.0
2018,52.1,237475.0,68996.0
2018,52.23,212763.0,76532.0
2018,58.14,33474.0,7691.0
2018,61.9,700.0,0.0
2018,63.11,155385.0,316699.0
2018,63.91,826.0,0.0
2018,64.1,1917.0,0.0
2018,68.32,59205.0,13998.0
2018,71.2,6553.0,2077.0
2018,72.19,87766.0,26408.0
2018,82.99,285741.0,5410.0
2018,85.4,37288.0,11357.0
2018,85.41,40821.0,10536.0
2018,85.42,135845.0,33654.0
2018,86.1,364298.0,118490.0
2019,1.11,7218.0,2114.0
2019,1.13,433102.0,111110.0
2019,1.19,30746.0,11764.0
2019,1.61,3726.0,1537.0
2019,1.63,43584.0,21722.0
2019,1.64,3492.0,1343.0
2019,5.1,44509.0,24732.0
2019,6.1,29156990.0,14848349.0
2019,6.2,3948375.0,2936324.0
2019,8.12,203165.0,107362.0
2019,8.93,411888.0,632942.0
2019,8.99,1317472.0,1293861.0
2019,9.1,312031.0,278808.0
2019,10.11,288840.0,83860.0
2019,10.13,217323.0,103968.0
2019,10.2,320712.0,175823.0
2019,10.31,1109783.0,796537.0
2019,10.32,319847.0,80135.0
2019,10.39,773095.0,469938.0
2019,10.41,2117231.0,1443628.0
2019,10.51,2933903.0,1620357.0
2019,10.62,3873699.0,3148356.0
2019,10.72,75341.0,21628.0
2019,10.8,14390.0,2990.0
2019,10.81,7980028.0,4925795.0
2019,10.82,87901.0,37621.0
2019,10.83,297476.0,132001.0
2019,10.84,29612.0,13527.0
2019,10.85,113360.0,52419.0
2019,10.86,173251.0,113451.0
2019,10.89,596725.0,295289.0
2019,10.91,472674.0,251492.0
2019,10.92,144519.0,44364.0
2019,11.01,410704.0,392734.0
2019,11.04,0.0,17018.0
2019,11.05,780750.0,324825.0
2019,11.06,303972.0,288013.0
2019,11.07,88528.0,10969.0
2019,12.0,25260.0,27195.0
2019,13.1,26315.0,32833.0
2019,13.2,47482.0,53119.0
2019,13.3,333001.0,292569.0
2019,13.93,69828.0,75386.0
2019,13.95,84063.0,103778.0
2019,13.99,19796.0,8887.0
2019,14.19,0.0,0.0
2019,16.1,6374.0,65003.0
2019,16.21,2054670.0,2194636.0
2019,16.23,5690.0,5046.0
2019,17.11,1911749.0,2831275.0
2019,17.12,22029573.0,23569790.0
2019,17.21,567743.0,450519.0
2019,17.22,559902.0,425428.0
2019,17.29,109472.0,42635.0
2019,18.12,52760.0,16381.0
2019,19.1,5899808.0,4055856.0
2019,19.2,130061706.0,98389006.0
2019,20.11,8169377.0,7609348.0
2019,20.12,1372205.0,1366428.0
2019,20.13,11297053.0,12631272.0
2019,20.14,51331604.0,48456474.0
2019,20.15,35103140.0,29942469.0
2019,20.16,3022691.0,3810172.0
2019,20.17,337385.0,745136.0
2019,20.2,144003.0,113577.0
2019,20.3,393631.0,411205.0
2019,20.41,97781.0,48988.0
2019,20.42,79368.0,50975.0
2019,20.5,51928.0,14195.0
2019,20.51,14406.0,3457.0
2019,20.59,1225070.0,1227281.0
2019,20.6,518893.0,556943.0
2019,21.1,784988.0,706617.0
2019,21.2,721933.0,579725.0
2019,22.11,1025768.0,834172.0
2019,22.19,114214.0,62610.0
2019,22.21,244598.0,75158.0
2019,22.22,46492.0,14535.0
2019,22.23,13918.0,4709.0
2019,23.11,5639037.0,4677666.0
2019,23.13,10533086.0,8011238.0
2019,23.14,1293516.0,918374.0
2019,23.19,620433.0,529757.0
2019,23.2,1366184.0,1332763.0
2019,23.31,7461344.0,6405367.0
2019,23.32,6747310.0,6250869.0
2019,23.4,14644.0,14867.0
2019,23.41,170276.0,134710.0
2019,23.42,227491.0,217338.0
2019,23.44,46388.0,44236.0
2019,23.51,119769616.0,118402668.0
2019,23.52,26475027.0,23853550.0
2019,23.62,1249490.0,1147282.0
2019,23.9,7160.0,1651.0
2019,23.99,3043776.0,1879819.0
2019,24.1,139081278.0,164951783.0
2019,24.2,1318505.0,1000123.0
2019,24.32,69998.0,13898.0
2019,24.33,37957.0,7675.0
2019,24.42,13648155.0,10693999.0
2019,24.43,1924697.0,1979852.0
2019,24.44,2129993.0,2475102.0
2019,24.46,409028.0,177901.0
2019,24.51,1853106.0,1707597.0
2019,24.53,287959.0,218601.0
2019,25.2,12181.0,5018.0
2019,25.29,197.0,120.0
2019,25.4,80008.0,78517.0
2019,25.5,552740.0,399082.0
2019,25.61,200361.0,151297.0
2019,25.62,4854.0,2365.0
2019,25.99,12114.0,11363.0
2019,26.11,136937.0,70533.0
2019,27.1,225358.0,193402.0
2019,27.32,12722.0,5374.0
2019,27.4,29422.0,36818.0
2019,27.51,65972.0,69431.0
2019,27.9,111916.0,85650.0
2019,28.11,102435.0,55217.0
2019,28.15,92884.0,64531.0
2019,28.3,11340.0,12208.0
2019,28.92,6374.0,1216.0
2019,28.94,22171.0,10839.0
2019,29.1,2026143.0,1827852.0
2019,29.32,180098.0,47481.0
2019,30.11,61574.0,48634.0
2019,30.2,56680.0,23560.0
2019,30.3,508215.0,421317.0
2019,32.5,122046.0,60528.0
2019,33.12,1174.0,689.0
2019,33.16,45754.0,12465.0
2019,35.0,32746398.0,1085086.0
2019,35.1,74373753.0,11841949.0
2019,35.11,736122092.0,49526922.0
2019,35.2,351487.0,105300.0
2019,35.21,994301.0,55943.0
2019,35.22,2012497.0,815875.0
2019,35.23,39853.0,13459.0
2019,35.3,114988248.0,29579411.0
2019,37.0,76258.0,62089.0
2019,38.11,1008.0,0.0
2019,38.21,1670833.0,607647.0
2019,38.3,11446.0,0.0
2019,38.32,137247.0,45375.0
2019,41.1,203.0,0.0
2019,42.11,40852.0,12645.0
2019,43.22,1076.0,443.0
2019,46.21,55038.0,33061.0
2019,46.22,15299.0,5997.0
2019,46.46,10197.0,3571.0
2019,46.73,3613.0,1674.0
2019,49.5,2943186.0,904211.0
2019,51.0,57820826.0,32106575.0
2019,51.1,31522.0,21704.0
2019,52.1,287356.0,64731.0
2019,52.23,209200.0,63930.0
2019,58.14,30074.0,6320.0
2019,61.9,710.0,0.0
2019,63.11,177823.0,290361.0
2019,63.91,576.0,0.0
2019,64.1,1917.0,0.0
2019,68.32,56243.0,10321.0
2019,71.2,6900.0,1708.0
2019,72.19,79183.0,21699.0
2019,82.99,314431.0,4445.0
2019,85.4,36219.0,9342.0
2019,85.41,40999.0,8657.0
2019,85.42,136421.0,27655.0
2019,86.1,353817.0,97396.0
2020,1.11,4603.0,1673.0
2020,1.13,343720.0,70875.0
2020,1.19,26857.0,8064.0
2020,1.61,6230.0,1215.0
2020,1.63,39935.0,20522.0
2020,1.64,3749.0,1064.0
2020,5.1,69638.0,24211.0
2020,6.1,28868218.0,14768880.0
2020,6.2,3648744.0,2798053.0
2020,8.12,180892.0,89454.0
2020,8.93,412976.0,620185.0
2020,8.99,1350452.0,1224362.0
2020,9.1,302176.0,249505.0
2020,10.11,258039.0,70429.0
2020,10.13,210317.0,93688.0
2020,10.2,281690.0,171929.0
2020,10.31,1064331.0,769190.0
2020,10.32,306813.0,65786.0
2020,10.39,804971.0,432103.0
2020,10.41,2052326.0,1359594.0
2020,10.51,2846388.0,1535332.0
2020,10.62,3771517.0,3088990.0
2020,10.72,82384.0,17116.0
2020,10.8,14248.0,2368.0
2020,10.81,7514074.0,4738756.0
2020,10.82,91279.0,33398.0
2020,10.83,312348.0,106838.0
2020,10.84,27199.0,6544.0
2020,10.85,105223.0,46450.0
2020,10.86,152500.0,105168.0
2020,10.89,604857.0,272178.0
2020,10.91,489941.0,215315.0
2020,10.92,131184.0,35100.0
2020,11.01,432554.0,374101.0
2020,11.05,721260.0,255062.0
2020,11.06,345755.0,283540.0
2020,11.07,61134.0,5838.0
2020,12.0,17112.0,19733.0
2020,13.1,23225.0,32169.0
2020,13.2,36947.0,52036.0
2020,13.3,300973.0,267111.0
2020,13.93,65396.0,73853.0
2020,13.95,78236.0,109647.0
2020,13.99,20790.0,8707.0
2020,16.1,5370.0,59413.0
2020,16.21,1786074.0,1755028.0
2020,16.23,6662.0,3997.0
2020,17.11,1835183.0,2760130.0
2020,17.12,21658200.0,23270857.0
2020,17.21,549367.0,439522.0
2020,17.22,604292.0,422535.0
2020,17.29,99814.0,35634.0
2020,18.12,48301.0,12961.0
2020,19.1,5364800.0,3971310.0
2020,19.2,128858852.0,96507001.0
2020,20.11,8920342.0,7854523.0
2020,20.12,1323755.0,1324310.0
2020,20.13,13013107.0,12272747.0
2020,20.14,48922915.0,47378203.0
2020,20.15,34134204.0,29353676.0
2020,20.16,2908372.0,3660417.0
2020,20.17,312799.0,730544.0
2020,20.2,140191.0,108777.0
2020,20.3,376321.0,398529.0
2020,20.41,97303.0,43984.0
2020,20.42,77478.0,49735.0
2020,20.5,50367.0,11230.0
2020,20.51,14157.0,2734.0
2020,20.59,1251023.0,1198155.0
2020,20.6,474506.0,540809.0
2020,21.1,786111.0,656537.0
2020,21.2,670213.0,545808.0
2020,22.11,963441.0,811434.0
2020,22.19,106864.0,61013.0
2020,22.21,228876.0,49927.0
2020,22.22,46743.0,11498.0
2020,22.23,13470.0,3724.0
2020,23.11,5628333.0,4650971.0
2020,23.13,10497017.0,7875459.0
2020,23.14,1254265.0,888870.0
2020,23.19,584745.0,525562.0
2020,23.2,1238882.0,1284621.0
2020,23.31,7250011.0,6111490.0
2020,23.32,6776802.0,6042512.0
2020,23.4,12604.0,14560.0
2020,23.41,168710.0,131954.0
2020,23.42,218343.0,212849.0
2020,23.44,35853.0,43322.0
2020,23.51,119765316.0,115867744.0
2020,23.52,25060122.0,23225466.0
2020,23.62,1271045.0,1117571.0
2020,23.9,6388.0,1305.0
2020,23.99,2840133.0,1743217.0
2020,24.1,133802093.0,161059522.0
2020,24.2,1190972.0,978748.0
2020,24.32,67452.0,11110.0
2020,24.33,38123.0,6072.0
2020,24.42,13256433.0,7555407.0
2020,24.43,1949942.0,1964647.0
2020,24.44,2272187.0,2429531.0
2020,24.46,343273.0,174388.0
2020,24.51,1678471.0,1574270.0
2020,24.53,290884.0,213542.0
2020,25.2,4012.0,3970.0
2020,25.29,171.0,0.0
2020,25.4,76488.0,63889.0
2020,25.5,535430.0,343239.0
2020,25.61,203230.0,146366.0
2020,25.62,6550.0,1871.0
2020,25.99,11650.0,11130.0
2020,26.11,132638.0,69077.0
2020,27.1,221665.0,189189.0
2020,27.32,12925.0,4615.0
2020,27.4,41376.0,39583.0
2020,27.51,64592.0,67933.0
2020,27.9,96521.0,83885.0
2020,28.11,92318.0,46606.0
2020,28.15,82232.0,65691.0
2020,28.3,9970.0,11957.0
2020,28.94,17094.0,10616.0
2020,29.1,1863836.0,1784699.0
2020,29.32,167203.0,-202016.0
2020,30.11,53522.0,41865.0
2020,30.2,57374.0,15318.0
2020,30.3,529447.0,411301.0
2020,32.5,123085.0,59305.0
2020,33.12,1463.0,545.0
2020,33.16,49087.0,9864.0
2020,35.0,32296717.0,882348.0
2020,35.1,68053203.0,8568151.0
2020,35.11,611492274.0,25803696.0
2020,35.2,348943.0,102233.0
2020,35.21,1170405.0,44258.0
2020,35.22,1628616.0,572887.0
2020,35.23,31147.0,10648.0
2020,35.3,104343288.0,22182862.0
2020,37.0,66038.0,49153.0
2020,38.11,442.0,0.0
2020,38.21,1721488.0,481255.0
2020,38.32,133397.0,35897.0
2020,41.1,309.0,0.0
2020,42.11,39425.0,8906.0
2020,43.22,1918.0,350.0
2020,46.21,92470.0,35294.0
2020,46.22,15027.0,4745.0
2020,46.46,10353.0,3155.0
2020,46.73,3438.0,1325.0
2020,49.5,2875119.0,921298.0
2020,51.0,56901396.0,32823820.0
2020,52.1,325531.0,50803.0
2020,52.23,219479.0,51788.0
2020,58.14,30365.0,5000.0
2020,61.9,812.0,0.0
2020,63.11,157160.0,264832.0
2020,63.91,667.0,0.0
2020,64.1,2008.0,0.0
2020,68.32,39675.0,2995.0
2020,71.2,7674.0,1351.0
2020,72.19,71696.0,17167.0
2020,82.99,317483.0,3516.0
2020,85.4,36886.0,7400.0
2020,85.41,38868.0,6849.0
2020,85.42,132770.0,22978.0
2020,86.1,331038.0,72391.0
2021,1.11,6438.0,1218.0
2021,1.13,217581.0,27243.0
2021,1.19,19281.0,3389.0
2021,1.61,4522.0,1194.0
2021,1.63,21623.0,16660.0
2021,1.64,4328.0,864.0
2021,5.1,69891.0,19574.0
2021,6.1,26279107.0,3548301.0
2021,6.2,3371663.0,686697.0
2021,8.12,172068.0,24054.0
2021,8.93,378378.0,469010.0
2021,8.99,1167238.0,1069812.0
2021,9.1,248083.0,165486.0
2021,10.11,254572.0,62797.0
2021,10.13,207639.0,82133.0
2021,10.2,267298.0,92433.0
2021,10.31,1023526.0,601791.0
2021,10.32,277467.0,35633.0
2021,10.39,788528.0,334659.0
2021,10.41,2051092.0,1018923.0
2021,10.51,2853079.0,1293669.0
2021,10.62,3733786.0,2210518.0
2021,10.72,80841.0,8710.0
2021,10.8,15800.0,1816.0
2021,10.81,6808819.0,3514258.0
2021,10.82,88702.0,8270.0
2021,10.83,322223.0,58010.0
2021,10.85,131310.0,23994.0
2021,10.86,144006.0,35876.0
2021,10.89,631577.0,144005.0
2021,10.91,347768.0,145100.0
2021,10.92,132740.0,18476.0
2021,11.01,350997.0,95291.0
2021,11.05,628444.0,145336.0
2021,11.06,312795.0,164008.0
2021,11.07,48320.0,1526.0
2021,12.0,12432.0,7853.0
2021,13.1,15276.0,10920.0
2021,13.2,27529.0,39562.0
2021,13.3,207412.0,112674.0
2021,13.93,53345.0,31902.0
2021,13.95,75423.0,92761.0
2021,13.99,16747.0,8271.0
2021,16.1,6472.0,26781.0
2021,16.21,1572809.0,4351212.0
2021,16.23,6744.0,2158.0
2021,17.11,1790485.0,2916439.0
2021,17.12,20190840.0,18695068.0
2021,17.21,523720.0,361756.0
2021,17.22,607580.0,356046.0
2021,17.29,98777.0,20520.0
2021,18.12,44155.0,8792.0
2021,19.1,4575499.0,3565652.0
2021,19.2,119043008.0,79525322.0
2021,20.11,8222097.0,6145137.0
2021,20.12,1242624.0,765693.0
2021,20.13,10051223.0,10123956.0
2021,20.14,48381134.0,38479357.0
2021,20.15,34349307.0,27767803.0
2021,20.16,2783394.0,2710847.0
2021,20.17,316169.0,399538.0
2021,20.2,128858.0,61775.0
2021,20.3,351755.0,241405.0
2021,20.41,92722.0,30860.0
2021,20.42,69658.0,5419.0
2021,20.5,45829.0,34513.0
2021,20.51,13459.0,1963.0
2021,20.59,1184571.0,580749.0
2021,20.6,411653.0,474592.0
2021,21.1,772204.0,330662.0
2021,21.2,661603.0,206979.0
2021,22.11,856863.0,169884.0
2021,22.19,101294.0,12800.0
2021,22.21,189998.0,23220.0
2021,22.22,46067.0,9638.0
2021,22.23,12863.0,3428.0
2021,23.11,5290264.0,3936758.0
2021,23.13,10027792.0,6550122.0
2021,23.14,1187522.0,741354.0
2021,23.19,562068.0,454034.0
2021,23.2,1006275.0,926184.0
2021,23.31,6603288.0,4404372.0
2021,23.32,6215927.0,4434114.0
2021,23.4,10802.0,10548.0
2021,23.41,140009.0,76659.0
2021,23.42,183346.0,138219.0
2021,23.44,36192.0,33121.0
2021,23.51,112705566.0,95908534.0
2021,23.52,22717263.0,16361282.0
2021,23.62,1227406.0,320205.0
2021,23.9,5457.0,4845.0
2021,23.99,2702924.0,1785665.0
2021,24.1,117920587.0,131564545.0
2021,24.2,1038047.0,641641.0
2021,24.32,56969.0,17428.0
2021,24.33,36841.0,5972.0
2021,24.42,12741130.0,5159213.0
2021,24.43,1856356.0,2009574.0
2021,24.44,2171755.0,2275938.0
2021,24.46,316193.0,21896.0
2021,24.51,1193642.0,1138942.0
2021,24.53,255177.0,114283.0
2021,25.2,18862.0,0.0
2021,25.29,83.0,0.0
2021,25.4,67980.0,4316.0
2021,25.5,463631.0,267230.0
2021,25.61,177433.0,140916.0
2021,25.62,4940.0,0.0
2021,25.99,8576.0,7945.0
2021,26.11,146933.0,13442.0
2021,27.1,219576.0,156903.0
2021,27.32,12856.0,2098.0
2021,27.4,44477.0,27042.0
2021,27.51,55888.0,39854.0
2021,27.9,78655.0,72936.0
2021,28.11,91789.0,11231.0
2021,28.15,34099.0,17151.0
2021,28.3,7976.0,723.0
2021,28.94,16254.0,13782.0
2021,29.1,1508873.0,389161.0
2021,29.32,153374.0,9758.0
2021,30.11,83666.0,8805.0
2021,30.2,55582.0,33078.0
2021,30.3,497404.0,100741.0
2021,32.5,129426.0,17557.0
2021,33.12,1577.0,419.0
2021,33.16,37448.0,7926.0
2021,35.0,27181505.0,748842.0
2021,35.1,62958120.0,6242579.0
2021,35.11,504647090.0,-19296145.0
2021,35.2,221277.0,59374.0
2021,35.21,314409.0,37983.0
2021,35.22,1293306.0,261950.0
2021,35.23,21735.0,6051.0
2021,35.3,95913915.0,13423551.0
2021,37.0,74567.0,27233.0
2021,38.11,136.0,0.0
2021,38.21,1667683.0,376035.0
2021,38.3,0.0,0.0
2021,38.32,132511.0,78399.0
2021,41.1,1942.0,0.0
2021,42.11,34954.0,15993.0
2021,43.22,1465.0,224.0
2021,46.21,70635.0,23555.0
2021,46.22,13763.0,3431.0
2021,46.46,9664.0,2165.0
2021,46.73,3615.0,2502.0
2021,49.5,2245340.0,609510.0
2021,51.0,22005591.0,24030852.0
2021,52.1,262367.0,55402.0
2021,52.23,179709.0,22039.0
2021,58.14,26635.0,0.0
2021,61.9,529.0,0.0
2021,63.11,139844.0,190481.0
2021,63.91,325.0,0.0
2021,64.1,2075.0,0.0
2021,68.32,17378.0,2461.0
2021,71.2,7274.0,0.0
2021,72.19,72340.0,4268.0
2021,82.99,202275.0,1214.0
2021,85.4,30164.0,3698.0
2021,85.41,37652.0,5621.0
2021,85.42,138961.0,4208.0
2021,86.1,310935.0,43756.0
